Seed,Degree,Nodes,Distribution,Graph_Name,RQAOA_0_2pi_N2000,Gurobi_Exact,Approx_Ratio,RQAOA_ANG,RQAOA_zs
8629962609014092371,5,30,gaussian,5d_30n_gaussiandist_8629962609014092371seed_22,82.75268076,88.32408139,0.9369209332,"[0.23561945 0.39572214 0.23247786 0.39104524 0.23247786 0.39120433
 0.23247786 0.39018048 0.24818582 0.39657192 0.23561945 0.38935975
 0.25132741 0.39153888 0.24818582 0.38981671 0.24818582 0.38986886
 0.25132741 0.39389153 0.254469   0.39541475 0.2576106  0.39398014
 0.24504423 0.38760592 0.24818582 0.39033328 0.254469   0.38793793
 0.26389378 0.38968677 0.26703538 0.3779266  0.25132741 0.37660277
 0.24504423 0.36320317 0.23876104 0.34055954 0.254469   0.34777528
 0.31415927 0.37604221]","[-1 -1 -1 -1  1 -1  1  1 -1  1  1 -1  1  1 -1  1 -1 -1 -1 -1  1 -1 -1  1
  1 -1  1 -1  1 -1]"
2373602047824278441,6,25,gaussian,6d_25n_gaussiandist_2373602047824278441seed_7,74.56012855,78.52805747,0.9494711947,"[0.21991149 0.39443473 0.21676989 0.39188696 0.21991149 0.38848635
 0.23561945 0.3930582  0.23561945 0.39374733 0.23876104 0.38889478
 0.23876104 0.38735718 0.23876104 0.38650463 0.23876104 0.38960992
 0.23876104 0.38638946 0.22305308 0.37406166 0.24818582 0.38057855
 0.23876104 0.37826896 0.23247786 0.37194272 0.22933626 0.37129565
 0.22933626 0.37256308 0.22933626 0.37305685]","[-1 -1 -1  1 -1  1 -1 -1  1  1  1  1 -1  1 -1  1 -1 -1 -1 -1  1 -1  1  1
 -1]"
1126081909295565354,6,26,gaussian,6d_26n_gaussiandist_1126081909295565354seed_5,73.80148354,79.49962603,0.9283249146,"[0.21676989 0.39335589 0.22305308 0.39023768 0.22305308 0.39378699
 0.22305308 0.39429697 0.22619467 0.3939064  0.21676989 0.3886602
 0.21676989 0.39044437 0.2136283  0.38842881 0.21676989 0.39113239
 0.2136283  0.38909988 0.22305308 0.39173474 0.21676989 0.38979423
 0.21048671 0.38897784 0.20106193 0.38519944 0.2136283  0.36816303
 0.21676989 0.35023667 0.19792034 0.33963602 0.31415927 0.36332904]","[-1  1 -1  1 -1 -1  1  1  1  1  1 -1 -1  1 -1 -1 -1  1 -1 -1 -1 -1  1 -1
 -1  1]"
4638311899570867066,7,14,gaussian,7d_14n_gaussiandist_4638311899570867066seed_21,40.20077919,42.51542453,0.9455575156,"[0.20420352 0.39177774 0.20734512 0.3979844  0.18849556 0.39036786
 0.20106193 0.40600316 0.16650441 0.36631581 0.15393804 0.34779496]",[-1  1 -1 -1 -1  1  1 -1  1 -1  1  1 -1 -1]
5190952847042786017,7,16,gaussian,7d_16n_gaussiandist_5190952847042786017seed_16,43.58039433,47.63005159,0.914976845,"[0.20106193 0.39555513 0.18849556 0.37579216 0.17907078 0.37259521
 0.1727876  0.36813199 0.19163715 0.38962125 0.17907078 0.36518101
 0.21048671 0.34873249 0.21676989 0.35653477]",[-1 -1  1  1  1 -1  1 -1 -1  1 -1 -1  1  1  1 -1]
3984846803518855627,7,16,gaussian,7d_16n_gaussiandist_3984846803518855627seed_21,44.49847953,48.67446672,0.9142057947,"[0.20734512 0.41043687 0.20106193 0.40262984 0.20734512 0.39674455
 0.20106193 0.39368733 0.19792034 0.37771565 0.19792034 0.37051771
 0.17907078 0.33383154 0.16022123 0.30813368]",[-1  1 -1 -1  1  1  1  1 -1  1 -1 -1  1  1 -1 -1]
619532954381144437,7,20,gaussian,7d_20n_gaussiandist_619532954381144437seed_19,58.67069237,63.36141059,0.9259688479,"[0.21676989 0.39000247 0.21676989 0.38603484 0.2136283  0.38417098
 0.21676989 0.38421356 0.2136283  0.38483587 0.21048671 0.3821801
 0.20734512 0.37724067 0.19792034 0.36895201 0.20420352 0.35471598
 0.19792034 0.34966294 0.20734512 0.34421828 0.21676989 0.35274883]",[-1 -1 -1 -1  1 -1 -1  1 -1 -1  1 -1  1  1 -1  1 -1 -1 -1  1]
7175258013925733298,7,20,gaussian,7d_20n_gaussiandist_7175258013925733298seed_24,59.7150045,63.19724298,0.9448988861,"[0.2136283  0.38963586 0.2136283  0.39297258 0.21048671 0.38338069
 0.21048671 0.3794206  0.20734512 0.37653023 0.20420352 0.37309087
 0.23561945 0.37967695 0.22933626 0.3744942  0.24190263 0.36836186
 0.22305308 0.35954386 0.24190263 0.37472719 0.21991149 0.35288131]",[-1  1 -1  1 -1  1  1 -1  1 -1 -1 -1 -1  1  1 -1 -1  1 -1 -1]
1740951551245432308,7,24,gaussian,7d_24n_gaussiandist_1740951551245432308seed_12,72.44663775,77.10477174,0.9395869557,"[0.19477874 0.39289354 0.20106193 0.39330664 0.20420352 0.39505815
 0.19477874 0.38759088 0.20734512 0.39088092 0.19792034 0.38582508
 0.20734512 0.38104334 0.20734512 0.36979598 0.20734512 0.37652063
 0.20734512 0.38668975 0.18849556 0.37463711 0.20420352 0.36676649
 0.24190263 0.37094473 0.21676989 0.33498398 0.27017697 0.3308778
 0.27646015 0.32655543]",[-1 -1 -1  1  1  1  1 -1 -1 -1 -1  1 -1  1  1  1 -1  1  1 -1  1 -1 -1  1]
3364823185911219558,7,26,gaussian,7d_26n_gaussiandist_3364823185911219558seed_0,77.81460931,83.98703995,0.926507344,"[0.21048671 0.39940022 0.2136283  0.39897387 0.21048671 0.39657244
 0.21048671 0.39337496 0.21048671 0.39142036 0.21048671 0.38786756
 0.20734512 0.38848127 0.20420352 0.38704692 0.20420352 0.38821268
 0.20106193 0.37521453 0.19163715 0.36708884 0.20420352 0.36092024
 0.19792034 0.34632439 0.18849556 0.33704385 0.17907078 0.34010094
 0.18221237 0.35008762 0.19163715 0.33612552 0.19792034 0.3273413 ]","[-1  1  1  1  1 -1  1 -1  1  1  1 -1  1 -1  1 -1  1 -1 -1  1  1 -1  1  1
  1  1]"
7826658319304779113,7,26,gaussian,7d_26n_gaussiandist_7826658319304779113seed_21,74.98911885,83.09716937,0.9024268747,"[0.20106193 0.39305722 0.20420352 0.38935088 0.20106193 0.38958399
 0.20420352 0.38363498 0.19477874 0.37821257 0.19792034 0.36599577
 0.20106193 0.36600497 0.20106193 0.37225269 0.19163715 0.36407541
 0.19163715 0.36914359 0.19163715 0.37467356 0.18535397 0.37261012
 0.169646   0.35040034 0.2136283  0.35920377 0.21676989 0.35779951
 0.21991149 0.3633543  0.2136283  0.3574119  0.19792034 0.33788688]","[-1  1  1 -1 -1  1  1  1 -1 -1  1  1 -1  1 -1  1  1 -1  1  1  1 -1  1 -1
 -1  1]"
568851980155292724,7,30,gaussian,7d_30n_gaussiandist_568851980155292724seed_6,87.29703378,92.23514813,0.9464616857,"[0.20420352 0.38995059 0.20420352 0.38590212 0.21048671 0.38500066
 0.21048671 0.38516536 0.21048671 0.38553767 0.2136283  0.38719587
 0.2136283  0.38754774 0.20106193 0.38390242 0.2136283  0.37957007
 0.20420352 0.37279619 0.20106193 0.37225004 0.19477874 0.36889967
 0.18849556 0.36327469 0.19163715 0.35827742 0.19792034 0.36257879
 0.18849556 0.34831672 0.18849556 0.34743821 0.14137167 0.30540098
 0.13508848 0.30704171 0.27646015 0.40424275 0.22933626 0.37124649
 0.2984513  0.38243367]","[-1 -1  1 -1  1 -1 -1  1 -1  1  1  1  1  1 -1  1 -1 -1  1  1  1 -1  1 -1
 -1 -1 -1 -1 -1 -1]"
9218213151713655812,7,30,gaussian,7d_30n_gaussiandist_9218213151713655812seed_10,93.24007852,98.19348766,0.9495546064,"[0.20734512 0.38149672 0.2136283  0.381763   0.2136283  0.38073001
 0.2136283  0.37579958 0.21676989 0.37254859 0.21991149 0.37498413
 0.21991149 0.3750567  0.21991149 0.36951447 0.21991149 0.37435551
 0.2136283  0.370611   0.21048671 0.37234653 0.21048671 0.3780214
 0.20420352 0.37299903 0.20106193 0.37258902 0.20420352 0.38668635
 0.21676989 0.37971746 0.20420352 0.37024625 0.24504423 0.39057684
 0.23876104 0.38911309 0.22619467 0.40019744 0.23561945 0.38043215
 0.23561945 0.38484281]","[-1 -1 -1 -1  1  1 -1 -1 -1  1 -1 -1 -1  1  1  1  1  1 -1 -1  1 -1 -1  1
 -1 -1  1  1  1  1]"
4023493618640011478,8,14,gaussian,8d_14n_gaussiandist_4023493618640011478seed_3,46.71623846,49.4860807,0.9440278519,"[0.18849556 0.36576912 0.18849556 0.35825093 0.19163715 0.37005265
 0.169646   0.3605754  0.18849556 0.361002   0.1727876  0.35624089]",[-1 -1 -1 -1  1  1 -1 -1 -1  1 -1  1 -1 -1]
5956141695417420881,8,14,gaussian,8d_14n_gaussiandist_5956141695417420881seed_22,47.58365025,53.0337992,0.8972325379,"[0.20106193 0.40157515 0.20106193 0.3998163  0.21048671 0.39436011
 0.20734512 0.38471869 0.20106193 0.39246961 0.18849556 0.3718652 ]",[-1 -1  1  1  1 -1 -1 -1 -1 -1 -1  1  1  1]
8489308228237433231,8,16,gaussian,8d_16n_gaussiandist_8489308228237433231seed_8,52.00393833,55.63996812,0.9346507572,"[0.19792034 0.37339783 0.18849556 0.36480989 0.19477874 0.36364871
 0.19477874 0.36121514 0.23247786 0.3758388  0.23247786 0.37645153
 0.22933626 0.3734847  0.23561945 0.38367394]",[-1 -1 -1  1 -1 -1 -1 -1 -1 -1 -1  1  1  1  1  1]
2264096140220915647,8,19,gaussian,8d_19n_gaussiandist_2264096140220915647seed_0,60.84842725,67.39821258,0.9028195989,"[0.19163715 0.39380298 0.19163715 0.39276149 0.18849556 0.39465905
 0.18849556 0.40221866 0.18849556 0.39585888 0.18849556 0.38221676
 0.18221237 0.37442161 0.17592919 0.36922237 0.16650441 0.35951962
 0.15707963 0.3326893  0.19477874 0.3370712 ]",[-1 -1 -1  1 -1  1  1 -1  1  1  1 -1  1  1 -1 -1 -1  1  1]
8872600570093397638,8,20,gaussian,8d_20n_gaussiandist_8872600570093397638seed_4,66.44303055,70.02414705,0.9488588344,"[0.19163715 0.38292709 0.19477874 0.37830365 0.18535397 0.36810618
 0.18535397 0.37143982 0.18221237 0.36986659 0.19477874 0.38232397
 0.19792034 0.38859295 0.19163715 0.38071273 0.19163715 0.38692353
 0.18221237 0.3850072  0.169646   0.375464   0.17592919 0.37076028]",[-1  1 -1  1  1 -1 -1  1  1 -1 -1 -1  1  1 -1  1  1 -1  1 -1]
4451124010458323935,8,20,gaussian,8d_20n_gaussiandist_4451124010458323935seed_9,58.93356588,62.33409882,0.9454466655,"[0.18849556 0.38272785 0.18535397 0.37614359 0.17907078 0.36884967
 0.17907078 0.36739623 0.18849556 0.36076829 0.18849556 0.35645646
 0.18221237 0.35121737 0.17592919 0.33352696 0.17907078 0.33153231
 0.17592919 0.32496823 0.17592919 0.32228444 0.17592919 0.32358349]",[-1  1  1 -1  1  1 -1 -1 -1 -1  1  1 -1 -1 -1  1  1  1 -1  1]
4092542881071716,8,20,gaussian,8d_20n_gaussiandist_4092542881071716seed_12,67.47541869,74.6078212,0.90440141,"[0.19163715 0.39173965 0.18849556 0.38678996 0.19163715 0.38470969
 0.18535397 0.37732375 0.18221237 0.37949878 0.169646   0.37497099
 0.16022123 0.36398392 0.18535397 0.3563625  0.169646   0.34120368
 0.17592919 0.34029933 0.16650441 0.32669571 0.19163715 0.31520491]",[-1  1  1  1  1 -1 -1  1  1  1 -1 -1 -1 -1  1 -1 -1 -1 -1  1]
2038960906759151272,8,21,gaussian,8d_21n_gaussiandist_2038960906759151272seed_0,75.36867627,82.33740115,0.9153637985,"[0.19163715 0.40281597 0.19477874 0.40006792 0.18849556 0.39215157
 0.19477874 0.4003682  0.19792034 0.4004566  0.18535397 0.39123494
 0.20734512 0.40452723 0.19477874 0.39267367 0.21048671 0.38746496
 0.20420352 0.3785306  0.20106193 0.37313934 0.19792034 0.37511294
 0.19163715 0.37076157]",[-1  1 -1  1 -1 -1 -1  1 -1  1 -1 -1  1  1 -1 -1  1  1  1  1 -1]
7371034346179524966,8,24,gaussian,8d_24n_gaussiandist_7371034346179524966seed_7,86.02426633,91.73472628,0.9377502917,"[0.19477874 0.40683326 0.19163715 0.40469982 0.18849556 0.40303764
 0.19163715 0.40610069 0.18221237 0.40738523 0.18535397 0.40170534
 0.20106193 0.40505059 0.19792034 0.40431907 0.18849556 0.39998648
 0.18849556 0.4038222  0.18535397 0.40278999 0.17907078 0.39543857
 0.1727876  0.36203128 0.1288053  0.34599545 0.19477874 0.38493563
 0.19163715 0.38785722]",[-1  1 -1 -1  1 -1  1 -1 -1 -1 -1 -1  1  1 -1 -1  1 -1 -1  1 -1  1 -1 -1]
7894132605168536941,8,25,gaussian,8d_25n_gaussiandist_7894132605168536941seed_0,76.24204063,80.37927983,0.9485285361,"[0.19477874 0.37551011 0.19477874 0.37333917 0.19477874 0.37283272
 0.20106193 0.37018576 0.19792034 0.36752242 0.19477874 0.36725031
 0.19477874 0.36779123 0.19477874 0.36818392 0.18221237 0.35449888
 0.18221237 0.3545722  0.18221237 0.34980932 0.18535397 0.35269211
 0.18535397 0.35201149 0.16650441 0.33788336 0.18221237 0.34882764
 0.18849556 0.38038162 0.13823008 0.35977156]","[-1 -1 -1  1 -1  1  1  1 -1  1  1 -1 -1 -1 -1  1 -1 -1  1  1  1 -1 -1  1
  1]"
1008093562118062076,8,25,gaussian,8d_25n_gaussiandist_1008093562118062076seed_5,82.83804079,89.12965713,0.9294105178,"[0.20420352 0.40674705 0.20106193 0.39855416 0.20734512 0.39292849
 0.20106193 0.39144223 0.20420352 0.39930676 0.19477874 0.38949511
 0.19792034 0.38806314 0.20106193 0.38371193 0.20106193 0.3785017
 0.18849556 0.36667384 0.18221237 0.36244012 0.18535397 0.36200191
 0.18221237 0.36117027 0.18221237 0.34019616 0.19477874 0.34175904
 0.18535397 0.33294958 0.2576106  0.37220576]","[-1  1 -1 -1  1  1 -1  1 -1 -1  1 -1 -1 -1 -1  1 -1 -1 -1 -1  1  1  1  1
  1]"
3148267130326085926,8,28,gaussian,8d_28n_gaussiandist_3148267130326085926seed_23,85.08821047,90.56736542,0.9395018843,"[0.19792034 0.39231254 0.19477874 0.38925664 0.19163715 0.38520143
 0.18849556 0.38418269 0.18535397 0.38203672 0.18535397 0.38054241
 0.18535397 0.38299609 0.19163715 0.38552447 0.19163715 0.37975681
 0.18849556 0.3803719  0.18849556 0.38112918 0.18221237 0.37818387
 0.17907078 0.37263551 0.18535397 0.37415121 0.17592919 0.36731906
 0.19477874 0.35446312 0.19792034 0.36443101 0.1727876  0.35257458
 0.21991149 0.353592   0.21676989 0.33617529]","[-1  1 -1 -1 -1  1 -1  1  1  1  1  1  1  1 -1 -1  1 -1 -1  1 -1 -1  1  1
  1 -1 -1  1]"
4186067218804335420,8,30,gaussian,8d_30n_gaussiandist_4186067218804335420seed_22,94.34730463,100.2716475,0.9409170686,"[0.19163715 0.38873873 0.19163715 0.38868978 0.19163715 0.38856547
 0.19163715 0.3874576  0.19477874 0.3833066  0.20106193 0.38440853
 0.19792034 0.38277207 0.19792034 0.38165969 0.19792034 0.38697352
 0.19163715 0.38355638 0.19163715 0.38625567 0.18849556 0.38348369
 0.18221237 0.38177954 0.18221237 0.38052609 0.169646   0.3758187
 0.18221237 0.3771588  0.20420352 0.3593128  0.20106193 0.35775793
 0.19163715 0.35273756 0.20106193 0.35380559 0.2576106  0.37406559
 0.21991149 0.36185562]","[-1 -1  1  1  1 -1 -1  1  1  1  1  1 -1  1 -1  1  1 -1  1  1 -1 -1 -1  1
 -1 -1  1 -1  1  1]"
610970793617572870,9,14,gaussian,9d_14n_gaussiandist_610970793617572870seed_16,39.52078911,45.17272839,0.8748816048,"[0.17907078 0.36259366 0.16650441 0.34797891 0.17907078 0.33750565
 0.17907078 0.33924368 0.19477874 0.34115471 0.19792034 0.33202344]",[-1  1  1  1 -1 -1  1 -1 -1 -1  1 -1  1 -1]
4443235282525831861,9,20,gaussian,9d_20n_gaussiandist_4443235282525831861seed_17,61.08749546,66.49122696,0.9187301582,"[0.17907078 0.3773118  0.17592919 0.37815453 0.18221237 0.3701936
 0.169646   0.3564551  0.17592919 0.36112163 0.18535397 0.35276489
 0.18221237 0.34092551 0.17907078 0.33706543 0.19163715 0.354102
 0.19477874 0.36229128 0.17592919 0.3493582  0.17592919 0.34113819]",[-1 -1  1  1 -1 -1  1  1  1 -1  1  1  1  1 -1  1 -1  1 -1  1]
3358500883987028790,9,26,gaussian,9d_26n_gaussiandist_3358500883987028790seed_15,90.73957954,99.72435085,0.9099039379,"[0.17592919 0.38997206 0.1727876  0.39032624 0.17592919 0.37950153
 0.17592919 0.38081646 0.17592919 0.38118233 0.1727876  0.38102339
 0.169646   0.38364214 0.169646   0.37977579 0.169646   0.37352142
 0.16650441 0.37083454 0.16336282 0.37729482 0.16336282 0.38717802
 0.16022123 0.38472947 0.15079645 0.38623026 0.13823008 0.3771297
 0.14451326 0.3813274  0.14137167 0.36367399 0.15079645 0.35259176]","[-1  1 -1 -1 -1 -1  1 -1 -1 -1  1 -1 -1  1 -1  1 -1 -1 -1 -1  1 -1  1  1
 -1  1]"
3639009937359364799,9,28,gaussian,9d_28n_gaussiandist_3639009937359364799seed_16,103.149747,109.3423077,0.9433653739,"[0.17907078 0.38706162 0.18221237 0.3911716  0.17592919 0.38669559
 0.18535397 0.38502112 0.17907078 0.37998698 0.18221237 0.38303761
 0.17907078 0.38181594 0.17907078 0.37900584 0.17907078 0.38561699
 0.16650441 0.37749701 0.16022123 0.37292638 0.16650441 0.3797732
 0.14765485 0.36461725 0.14765485 0.36582415 0.14451326 0.36320746
 0.17592919 0.37760781 0.17907078 0.37900059 0.18535397 0.38235949
 0.16650441 0.36273862 0.23247786 0.39093254]","[-1 -1  1 -1  1  1 -1  1  1 -1 -1 -1  1  1  1 -1  1 -1  1  1 -1 -1 -1 -1
 -1  1 -1  1]"
4219529328806926761,9,28,gaussian,9d_28n_gaussiandist_4219529328806926761seed_20,99.88810102,105.7069563,0.9449529578,"[0.17907078 0.39359337 0.17907078 0.39174389 0.17907078 0.38880362
 0.1727876  0.38425527 0.17592919 0.38918403 0.169646   0.38272745
 0.17907078 0.38909988 0.17907078 0.39150895 0.1727876  0.39119359
 0.17592919 0.39735274 0.1727876  0.38855515 0.169646   0.37740678
 0.16650441 0.36781786 0.16650441 0.36453146 0.16650441 0.35744003
 0.16650441 0.33278345 0.16650441 0.33548368 0.16022123 0.3308704
 0.18221237 0.34468375 0.17592919 0.32300104]","[-1 -1 -1 -1 -1 -1 -1  1 -1  1 -1  1  1  1  1  1 -1  1 -1  1 -1  1 -1  1
 -1 -1  1 -1]"
5164609296641316394,9,30,gaussian,9d_30n_gaussiandist_5164609296641316394seed_2,110.5584145,117.5181278,0.940777534,"[0.18221237 0.3896483  0.18221237 0.38651188 0.18849556 0.38850884
 0.18535397 0.38475358 0.18535397 0.3852216  0.18535397 0.38497816
 0.18849556 0.3839256  0.18849556 0.38835771 0.18849556 0.37793998
 0.18849556 0.37501919 0.19477874 0.38049914 0.18849556 0.37730812
 0.17907078 0.37399611 0.18535397 0.37492948 0.18849556 0.38173986
 0.17592919 0.37697328 0.18535397 0.38468091 0.17592919 0.40040379
 0.16022123 0.3809486  0.16650441 0.37268393 0.169646   0.33830454
 0.18221237 0.33635156]","[-1 -1  1  1 -1 -1 -1 -1  1  1 -1 -1 -1  1 -1  1 -1  1  1  1 -1 -1  1 -1
  1 -1 -1 -1 -1 -1]"
6994844030777267454,10,15,gaussian,10d_15n_gaussiandist_6994844030777267454seed_23,44.79223654,50.98962254,0.878457896,"[0.16650441 0.37297713 0.15707963 0.35546811 0.14765485 0.34600467
 0.15079645 0.35058673 0.16336282 0.36372862 0.17592919 0.34781291
 0.17592919 0.34970341]",[-1 -1  1  1  1 -1 -1  1 -1 -1  1 -1 -1 -1 -1]
3238957227471767889,10,16,gaussian,10d_16n_gaussiandist_3238957227471767889seed_23,61.18460768,67.71316917,0.9035850549,"[0.169646   0.39909503 0.169646   0.40221823 0.16650441 0.39577
 0.14765485 0.38124935 0.169646   0.38432741 0.1727876  0.39488067
 0.15393804 0.38154927 0.16022123 0.3769537 ]",[-1 -1 -1  1  1  1  1 -1  1 -1  1  1 -1  1 -1 -1]
8951676500103348342,10,18,gaussian,10d_18n_gaussiandist_8951676500103348342seed_6,58.83369365,64.89307833,0.9066251003,"[0.1727876  0.37916786 0.17907078 0.3722365  0.169646   0.36028506
 0.169646   0.36373554 0.169646   0.36672609 0.16336282 0.35482314
 0.17592919 0.36909064 0.1727876  0.36301619 0.18849556 0.37485792
 0.1727876  0.35706232]",[-1  1 -1 -1  1 -1 -1  1 -1  1 -1  1 -1  1 -1 -1 -1 -1]
4062182954294990048,10,18,gaussian,10d_18n_gaussiandist_4062182954294990048seed_11,69.41536874,74.08411024,0.9369805281,"[0.169646   0.39396716 0.1727876  0.39337435 0.16650441 0.38039943
 0.169646   0.37824146 0.169646   0.37968071 0.15393804 0.37680455
 0.15079645 0.36453712 0.15707963 0.34847326 0.14451326 0.36033437
 0.13823008 0.36205491]",[-1  1  1  1  1  1  1  1 -1 -1 -1  1  1 -1  1  1  1 -1]
612657179318101728,10,23,gaussian,10d_23n_gaussiandist_612657179318101728seed_8,81.37897747,86.9488977,0.9359403009,"[0.1727876  0.38290504 0.1727876  0.38489692 0.1727876  0.38090791
 0.18221237 0.38847759 0.17907078 0.3874846  0.1727876  0.37639626
 0.16650441 0.36852634 0.16022123 0.36310823 0.16022123 0.36540882
 0.16022123 0.35385026 0.16650441 0.35537366 0.16022123 0.35952547
 0.15393804 0.35074891 0.16650441 0.35739715 0.17592919 0.3843053 ]",[-1 -1 -1 -1  1  1 -1 -1 -1 -1 -1  1  1 -1  1 -1 -1 -1  1  1  1  1 -1]
3326124386779600665,10,24,gaussian,10d_24n_gaussiandist_3326124386779600665seed_17,83.10156195,99.11718927,0.838417257,"[0.17592919 0.39105268 0.17592919 0.38663813 0.17592919 0.3824176
 0.1727876  0.37920337 0.1727876  0.37592499 0.16650441 0.36760253
 0.169646   0.36578578 0.16650441 0.36598929 0.16650441 0.36740423
 0.16022123 0.36223474 0.15707963 0.36492685 0.16022123 0.3629675
 0.1288053  0.33485472 0.22305308 0.38975703 0.19477874 0.36511203
 0.24190263 0.39847725]",[-1 -1 -1 -1 -1  1  1 -1  1  1 -1 -1  1  1 -1 -1  1  1  1 -1 -1 -1 -1 -1]
7041512418121772436,10,25,gaussian,10d_25n_gaussiandist_7041512418121772436seed_13,94.32222775,100.1925298,0.9414097831,"[0.169646   0.38710638 0.16650441 0.37881606 0.169646   0.38407298
 0.169646   0.38416092 0.16650441 0.38145046 0.16336282 0.38220573
 0.15393804 0.37367145 0.15079645 0.37431257 0.14765485 0.3723017
 0.13194689 0.36774361 0.12566371 0.36521323 0.12566371 0.34805265
 0.17592919 0.37465407 0.18535397 0.38284193 0.16650441 0.36798521
 0.19477874 0.37247861 0.19163715 0.37196145]","[-1  1  1  1  1  1 -1 -1  1 -1  1 -1  1  1 -1  1 -1 -1  1 -1 -1 -1  1  1
 -1]"
8863403720638865750,10,27,gaussian,10d_27n_gaussiandist_8863403720638865750seed_8,95.85615231,105.7471045,0.9064659762,"[0.169646   0.38480104 0.169646   0.38514664 0.169646   0.38214492
 0.1727876  0.37756954 0.1727876  0.37701901 0.169646   0.37373008
 0.16650441 0.37426449 0.16650441 0.37521567 0.16336282 0.37227917
 0.15707963 0.36751156 0.16022123 0.36521918 0.16336282 0.36573163
 0.15393804 0.35929069 0.16022123 0.36366891 0.16336282 0.36542328
 0.16650441 0.37073177 0.16336282 0.36723048 0.16022123 0.36159115
 0.16022123 0.36411809]","[-1  1 -1  1  1 -1 -1  1  1 -1 -1 -1 -1  1 -1  1 -1  1 -1  1 -1 -1  1 -1
 -1  1  1]"
8224810051801399209,10,27,gaussian,10d_27n_gaussiandist_8224810051801399209seed_18,91.99219652,105.8936285,0.8687226778,"[0.169646   0.38827541 0.16650441 0.38757404 0.16650441 0.38700474
 0.16336282 0.38351233 0.16022123 0.38367992 0.16336282 0.3758356
 0.16336282 0.36859091 0.16022123 0.36812252 0.16336282 0.37330403
 0.16022123 0.37451401 0.16022123 0.37145461 0.15707963 0.36306609
 0.15707963 0.36009623 0.15707963 0.36036118 0.14451326 0.33725589
 0.14765485 0.33141915 0.13823008 0.30681612 0.22619467 0.33195317
 0.20734512 0.31099871]","[-1 -1  1 -1  1  1  1  1  1  1 -1  1 -1  1  1 -1  1 -1 -1  1  1  1  1  1
  1 -1  1]"
2942363936982763625,10,28,gaussian,10d_28n_gaussiandist_2942363936982763625seed_1,107.3861273,113.3813449,0.9471234214,"[0.1727876  0.39056586 0.1727876  0.39028677 0.1727876  0.38947964
 0.169646   0.388068   0.169646   0.3867487  0.1727876  0.38709557
 0.169646   0.38675868 0.16650441 0.3814706  0.16650441 0.37871326
 0.16336282 0.38145292 0.16022123 0.38341144 0.15707963 0.38326597
 0.16336282 0.38485617 0.15393804 0.37792815 0.169646   0.36694157
 0.169646   0.36488013 0.17592919 0.3655958  0.21676989 0.36867073
 0.2136283  0.37385464 0.20106193 0.3559623 ]","[-1 -1 -1 -1  1  1  1  1 -1  1  1  1 -1 -1  1  1 -1 -1  1 -1 -1 -1  1  1
  1  1 -1  1]"
6885215162483208961,10,29,gaussian,10d_29n_gaussiandist_6885215162483208961seed_4,103.8546509,113.9344122,0.9115301414,"[0.169646   0.38979711 0.1727876  0.39295215 0.169646   0.39085033
 0.16650441 0.38890907 0.16336282 0.37936867 0.16336282 0.38185469
 0.15393804 0.37604034 0.16022123 0.37667181 0.16650441 0.37067455
 0.16336282 0.36567394 0.16336282 0.36457932 0.16022123 0.36264502
 0.16022123 0.36382911 0.15707963 0.35831621 0.15707963 0.34750649
 0.14451326 0.34163391 0.15393804 0.33785726 0.15707963 0.3374307
 0.15707963 0.33791748 0.18849556 0.35632286 0.23876104 0.37409996]","[-1  1 -1 -1  1  1 -1 -1  1  1 -1  1  1  1 -1 -1 -1 -1 -1 -1 -1  1  1 -1
  1  1  1  1  1]"
3487449469591925108,10,29,gaussian,10d_29n_gaussiandist_3487449469591925108seed_24,99.36003107,107.9567517,0.9203688469,"[0.169646   0.38760302 0.169646   0.38472202 0.16650441 0.38402007
 0.16650441 0.38050234 0.169646   0.38253302 0.169646   0.37794665
 0.16650441 0.3770697  0.169646   0.37793947 0.169646   0.37643667
 0.16650441 0.36703161 0.15707963 0.35993096 0.16336282 0.36057029
 0.169646   0.3586691  0.16022123 0.35163531 0.169646   0.34994411
 0.169646   0.33803343 0.16650441 0.3427431  0.14451326 0.32741215
 0.19477874 0.35790518 0.18535397 0.33459711 0.20420352 0.32229421]","[-1 -1 -1  1 -1 -1  1 -1 -1  1  1  1  1 -1  1 -1  1 -1  1 -1  1  1 -1  1
  1 -1  1  1  1]"
2352388660177513068,10,30,gaussian,10d_30n_gaussiandist_2352388660177513068seed_6,124.4123047,132.2555434,0.9406963329,"[0.1727876  0.39463733 0.1727876  0.39283693 0.169646   0.39015563
 0.1727876  0.39244746 0.169646   0.39050295 0.1727876  0.39332128
 0.169646   0.39125214 0.16650441 0.39593812 0.16650441 0.39818426
 0.169646   0.39913767 0.16650441 0.39963002 0.15707963 0.39359741
 0.15393804 0.39789615 0.15079645 0.40034063 0.14765485 0.395505
 0.15393804 0.39167726 0.15707963 0.385233   0.15079645 0.38976812
 0.15707963 0.40802793 0.13508848 0.37831932 0.13194689 0.35453295
 0.16022123 0.39056576]","[-1  1  1 -1 -1 -1 -1  1  1  1  1 -1  1  1 -1  1 -1 -1  1 -1  1 -1  1 -1
  1  1 -1 -1 -1  1]"
4778396452721669940,10,30,gaussian,10d_30n_gaussiandist_4778396452721669940seed_8,113.4126546,119.7492019,0.9470848477,"[0.169646   0.38874082 0.16336282 0.38405969 0.16336282 0.38130065
 0.16336282 0.37809565 0.16022123 0.37655165 0.16022123 0.37585507
 0.16022123 0.38089061 0.16022123 0.37307101 0.16650441 0.37931488
 0.16336282 0.38132094 0.15393804 0.38314914 0.14451326 0.37900103
 0.13194689 0.37717736 0.15393804 0.38859225 0.15393804 0.38476607
 0.15079645 0.35556417 0.14451326 0.34637738 0.16022123 0.34195913
 0.1288053  0.32019899 0.19477874 0.34022526 0.21991149 0.34181885
 0.27331856 0.37194311]","[-1 -1  1  1  1  1 -1 -1  1  1  1 -1 -1  1 -1 -1 -1 -1 -1  1  1 -1  1 -1
 -1 -1 -1 -1  1  1]"
2814870713123170058,11,14,gaussian,11d_14n_gaussiandist_2814870713123170058seed_14,48.3352243,54.46550107,0.8874466103,"[0.16022123 0.36579553 0.15393804 0.36871772 0.14765485 0.36563629
 0.12566371 0.34161162 0.11623893 0.33245644 0.11309734 0.32691545]",[-1  1 -1  1  1  1 -1 -1 -1 -1  1  1 -1  1]
4689957548815269942,11,20,gaussian,11d_20n_gaussiandist_4689957548815269942seed_16,72.01755674,79.28178334,0.9083745812,"[0.16336282 0.38638775 0.16650441 0.39441287 0.17592919 0.4011908
 0.1727876  0.39175246 0.1727876  0.38656775 0.16650441 0.3839296
 0.16336282 0.37655484 0.16022123 0.37110973 0.15393804 0.37156156
 0.16336282 0.35248539 0.16336282 0.33696067 0.20734512 0.36384958]",[-1 -1  1 -1 -1  1 -1  1 -1  1  1 -1  1  1  1 -1  1 -1 -1  1]
3998615042434324625,11,22,gaussian,11d_22n_gaussiandist_3998615042434324625seed_16,79.76584806,87.4005677,0.9126467958,"[0.16336282 0.39748743 0.16336282 0.39428257 0.16022123 0.39579157
 0.16336282 0.39524375 0.15707963 0.39477275 0.15079645 0.39739706
 0.13823008 0.38999419 0.15079645 0.38682939 0.1288053  0.36535691
 0.17907078 0.38431217 0.18221237 0.38899651 0.169646   0.37412169
 0.1727876  0.37276441 0.16650441 0.37356414]",[-1 -1  1 -1  1  1  1  1  1  1 -1 -1  1 -1 -1  1 -1 -1 -1  1 -1 -1]
8359931978744367793,11,22,gaussian,11d_22n_gaussiandist_8359931978744367793seed_19,77.54190744,82.59890393,0.9387764697,"[0.16022123 0.37665549 0.16650441 0.37617477 0.17592919 0.38483722
 0.1727876  0.38303773 0.16650441 0.36296503 0.19792034 0.37572407
 0.19477874 0.3755387  0.19163715 0.36680276 0.18849556 0.36897349
 0.169646   0.35296375 0.17592919 0.35886238 0.1727876  0.35497336
 0.17907078 0.37361088 0.169646   0.36099571]",[-1 -1  1  1  1  1  1  1  1  1  1 -1 -1 -1 -1 -1 -1  1 -1  1  1 -1]
781458965455868581,11,24,gaussian,11d_24n_gaussiandist_781458965455868581seed_4,96.26575131,103.1723787,0.9330573989,"[0.16022123 0.39861814 0.15707963 0.39740199 0.15393804 0.39660179
 0.15393804 0.39535559 0.14451326 0.38788028 0.14451326 0.38667234
 0.14137167 0.38733043 0.14451326 0.37897262 0.169646   0.3843203
 0.16650441 0.39090949 0.15393804 0.38083654 0.15079645 0.38383785
 0.13194689 0.36405365 0.18535397 0.38998554 0.16336282 0.3784589
 0.16336282 0.3857609 ]",[-1  1  1 -1 -1  1 -1 -1 -1 -1  1  1 -1 -1  1 -1  1  1  1 -1 -1 -1 -1 -1]
258826205837102273,11,26,gaussian,11d_26n_gaussiandist_258826205837102273seed_4,117.1466703,123.4807149,0.948704179,"[0.16336282 0.40961678 0.16336282 0.40791364 0.16022123 0.40426916
 0.15707963 0.40126987 0.15393804 0.39944923 0.15393804 0.39775843
 0.15079645 0.39745086 0.14451326 0.38933992 0.14137167 0.3916067
 0.14137167 0.39396264 0.13508848 0.39591182 0.13508848 0.39649835
 0.14137167 0.40802003 0.1288053  0.40297661 0.1288053  0.38434119
 0.12566371 0.37031433 0.13194689 0.38937172 0.10367256 0.34652331]","[-1 -1 -1  1  1  1 -1 -1 -1  1  1  1  1  1 -1 -1 -1 -1 -1  1 -1  1  1  1
 -1  1]"
6943916143563582006,11,26,gaussian,11d_26n_gaussiandist_6943916143563582006seed_16,111.2266164,119.7973417,0.9284564653,"[0.16022123 0.39977523 0.16022123 0.39853506 0.16022123 0.39921395
 0.16022123 0.39940812 0.15707963 0.40158972 0.15707963 0.40235817
 0.15393804 0.4051787  0.14451326 0.39613093 0.14137167 0.39590176
 0.15393804 0.39028905 0.14765485 0.39492767 0.15707963 0.38905251
 0.15079645 0.39059926 0.14137167 0.38827432 0.13194689 0.38933349
 0.12252211 0.36143966 0.09424778 0.32870324 0.19477874 0.39824102]","[-1  1 -1  1 -1  1 -1  1 -1 -1  1  1 -1  1  1 -1  1 -1  1  1 -1  1 -1  1
  1  1]"
5028859803626506004,11,28,gaussian,11d_28n_gaussiandist_5028859803626506004seed_2,114.5917648,126.0995929,0.9087401646,"[0.16022123 0.40053109 0.16022123 0.4000534  0.16022123 0.40438326
 0.15707963 0.40533144 0.15707963 0.40351658 0.15393804 0.40381916
 0.15393804 0.40495017 0.14451326 0.40510536 0.14137167 0.40177959
 0.14451326 0.39483163 0.12252211 0.36199375 0.10367256 0.35174936
 0.09110619 0.33960725 0.18849556 0.3826831  0.1727876  0.37944715
 0.14137167 0.35650957 0.18849556 0.39000775 0.18221237 0.37823757
 0.16650441 0.36754577 0.13194689 0.32628237]","[-1 -1 -1  1  1 -1  1 -1  1  1  1 -1  1 -1  1  1 -1  1 -1 -1 -1 -1  1  1
  1 -1  1  1]"
739904529963441980,11,28,gaussian,11d_28n_gaussiandist_739904529963441980seed_15,99.72448233,106.9371049,0.9325526666,"[0.16022123 0.37825144 0.16336282 0.37803041 0.16336282 0.37824111
 0.16336282 0.38030756 0.16336282 0.37607756 0.1727876  0.37593141
 0.169646   0.37746181 0.16650441 0.37401447 0.15707963 0.3714973
 0.15707963 0.37467945 0.15079645 0.36872008 0.15393804 0.37932202
 0.16336282 0.36804212 0.169646   0.35433158 0.15707963 0.34422826
 0.15707963 0.33282289 0.20420352 0.36037073 0.21676989 0.36038208
 0.24818582 0.37837987 0.24818582 0.37871656]","[-1  1  1 -1 -1 -1 -1  1 -1 -1  1  1 -1  1  1  1 -1 -1 -1 -1 -1  1  1  1
  1 -1 -1  1]"
270051673460466948,11,30,gaussian,11d_30n_gaussiandist_270051673460466948seed_9,107.8910342,120.0274374,0.8988864262,"[0.16336282 0.39023454 0.16336282 0.38961556 0.16336282 0.3858008
 0.16022123 0.38246074 0.15707963 0.38126027 0.15079645 0.37542921
 0.16022123 0.37147589 0.15707963 0.36743122 0.15707963 0.36692933
 0.15393804 0.36686919 0.15079645 0.36413488 0.14451326 0.34838873
 0.16650441 0.36360304 0.16336282 0.36560617 0.16650441 0.36597071
 0.169646   0.36561361 0.15393804 0.35571837 0.19477874 0.35455707
 0.19163715 0.3538497  0.19477874 0.34962593 0.25132741 0.35451406
 0.254469   0.35769903]","[-1 -1 -1 -1  1 -1 -1  1 -1  1  1 -1 -1 -1  1  1 -1  1 -1  1  1  1 -1  1
  1  1  1  1 -1  1]"
8134710885967449062,12,15,gaussian,12d_15n_gaussiandist_8134710885967449062seed_2,53.54935537,59.02469832,0.9072364093,"[0.15707963 0.38689644 0.15707963 0.38227006 0.14451326 0.36579503
 0.14451326 0.35987162 0.15079645 0.33884318 0.15707963 0.33788417
 0.16022123 0.34293348]",[-1  1  1  1  1 -1  1  1 -1  1  1 -1 -1  1  1]
4622072160197254250,12,20,gaussian,12d_20n_gaussiandist_4622072160197254250seed_11,93.90397406,99.92342311,0.9397593791,"[0.16022123 0.4042553  0.15707963 0.40725432 0.14765485 0.40366045
 0.14137167 0.40390471 0.14451326 0.40318517 0.14137167 0.39904699
 0.14451326 0.38716531 0.14451326 0.39066487 0.14451326 0.4050339
 0.14137167 0.40422389 0.12252211 0.39334581 0.13194689 0.38846234]",[-1  1  1 -1 -1  1 -1  1  1  1 -1  1 -1  1 -1  1 -1 -1 -1 -1]
8417849233023733443,12,20,gaussian,12d_20n_gaussiandist_8417849233023733443seed_22,77.01440387,81.8067814,0.9414183342,"[0.16022123 0.38531092 0.16022123 0.38366246 0.16022123 0.37941118
 0.16022123 0.37982225 0.15707963 0.38392066 0.14765485 0.36446608
 0.14137167 0.36135671 0.14137167 0.3643654  0.14137167 0.37492941
 0.13194689 0.37097299 0.13823008 0.37322977 0.169646   0.38467793]",[-1 -1 -1 -1  1  1  1 -1 -1 -1  1  1  1  1  1 -1  1 -1 -1 -1]
72661648971932628,12,24,gaussian,12d_24n_gaussiandist_72661648971932628seed_4,99.08466176,108.2682291,0.9151776341,"[0.15393804 0.39926646 0.15393804 0.39979282 0.15079645 0.39938432
 0.14765485 0.39682336 0.14137167 0.39578506 0.13194689 0.39043265
 0.1288053  0.38656129 0.11938052 0.36779307 0.11938052 0.36953085
 0.10995574 0.36716479 0.11623893 0.37462952 0.11309734 0.34102155
 0.15079645 0.35939826 0.14451326 0.35047994 0.17592919 0.36108981
 0.15079645 0.33349638]",[-1 -1  1  1  1 -1 -1  1 -1  1  1  1  1  1  1  1  1 -1  1  1 -1 -1 -1  1]
4831560937401059969,12,25,gaussian,12d_25n_gaussiandist_4831560937401059969seed_18,95.42223698,101.9938232,0.9355687823,"[0.15707963 0.38556698 0.15707963 0.38816057 0.15079645 0.38170355
 0.15079645 0.37915877 0.14765485 0.37800716 0.14137167 0.37095434
 0.14451326 0.36875433 0.15079645 0.36703343 0.14451326 0.35961079
 0.14137167 0.35468984 0.14451326 0.35058548 0.15079645 0.3549973
 0.15393804 0.36554611 0.15393804 0.36861058 0.17592919 0.35758837
 0.16650441 0.3373387  0.17592919 0.3544555 ]","[-1 -1  1 -1  1  1  1 -1 -1  1 -1 -1 -1  1  1  1  1 -1  1 -1 -1  1  1  1
 -1]"
4741637605423835835,12,26,gaussian,12d_26n_gaussiandist_4741637605423835835seed_4,109.871261,123.2646261,0.8913446174,"[0.15707963 0.39894596 0.15393804 0.39847761 0.15707963 0.39949013
 0.15393804 0.4004635  0.14765485 0.40067445 0.15079645 0.40135021
 0.15393804 0.40350138 0.15079645 0.40123687 0.15079645 0.40627041
 0.14451326 0.39818472 0.13823008 0.39823131 0.13508848 0.39003208
 0.14765485 0.38316547 0.14765485 0.38720087 0.14137167 0.37476741
 0.14451326 0.38314636 0.11623893 0.36062923 0.169646   0.37998085]","[-1  1 -1 -1 -1 -1 -1  1 -1  1 -1 -1  1  1  1  1  1  1 -1  1 -1 -1 -1 -1
 -1  1]"
7127478934279280132,12,26,gaussian,12d_26n_gaussiandist_7127478934279280132seed_22,102.9615164,114.3136736,0.9006929195,"[0.16022123 0.38964605 0.15707963 0.38712748 0.15707963 0.38221116
 0.16022123 0.38193332 0.16336282 0.38466467 0.16022123 0.38229462
 0.15707963 0.38289944 0.15079645 0.38157075 0.15707963 0.38173749
 0.15079645 0.38251438 0.14765485 0.37677703 0.14765485 0.37095064
 0.14137167 0.35363323 0.14451326 0.35977745 0.14765485 0.36681234
 0.14451326 0.38198513 0.13508848 0.33623004 0.22933626 0.37683031]","[-1  1 -1 -1 -1 -1 -1  1 -1 -1 -1 -1  1  1  1 -1  1 -1 -1 -1  1 -1  1  1
  1  1]"
8783354702269236968,12,27,gaussian,12d_27n_gaussiandist_8783354702269236968seed_12,111.224541,117.4049159,0.9473584654,"[0.15707963 0.39331482 0.15393804 0.39154993 0.15707963 0.38904208
 0.16022123 0.39217045 0.15707963 0.38795639 0.15707963 0.3886837
 0.15079645 0.38448686 0.15079645 0.37653957 0.14765485 0.3806307
 0.14451326 0.37227045 0.14451326 0.37199544 0.14137167 0.36832519
 0.13508848 0.36697078 0.12566371 0.34645908 0.12252211 0.34597832
 0.13508848 0.3392322  0.14765485 0.33975103 0.13508848 0.33146763
 0.10367256 0.30863702]","[-1 -1 -1 -1  1 -1  1  1 -1  1 -1  1  1 -1 -1  1  1  1  1  1  1 -1 -1  1
  1  1 -1]"
3536441813670182248,12,29,gaussian,12d_29n_gaussiandist_3536441813670182248seed_16,112.3409973,121.5932777,0.923907961,"[0.15707963 0.38487942 0.15393804 0.3814254  0.14765485 0.37322252
 0.15079645 0.36792622 0.14137167 0.36101067 0.15393804 0.36690989
 0.16022123 0.37229423 0.15393804 0.36837224 0.16336282 0.37745873
 0.16022123 0.37815125 0.15393804 0.36689184 0.1727876  0.37427408
 0.169646   0.37391272 0.16650441 0.3737562  0.16336282 0.36162306
 0.18221237 0.36587938 0.18535397 0.36259322 0.2136283  0.37642789
 0.21676989 0.36907869 0.21676989 0.38596942 0.22619467 0.38750116]","[-1  1  1  1 -1  1  1  1 -1 -1  1 -1 -1 -1 -1 -1  1 -1 -1 -1  1  1  1  1
  1 -1  1  1  1]"
6040505346444979169,13,16,gaussian,13d_16n_gaussiandist_6040505346444979169seed_18,59.78147691,64.97057515,0.9201315638,"[0.15393804 0.38244768 0.16022123 0.38800941 0.16022123 0.38575996
 0.16022123 0.39815798 0.15079645 0.39822806 0.14451326 0.38365563
 0.169646   0.38564978 0.16022123 0.37471077]",[-1  1 -1 -1 -1  1 -1 -1  1 -1 -1 -1  1  1  1  1]
7883952182151921099,13,16,gaussian,13d_16n_gaussiandist_7883952182151921099seed_23,57.32325493,60.50728409,0.9473777545,"[0.15393804 0.3759163  0.14451326 0.3637486  0.13823008 0.35950411
 0.13508848 0.35462713 0.13823008 0.35460328 0.13823008 0.34793832
 0.15707963 0.35510458 0.14765485 0.35319194]",[-1  1  1 -1  1 -1  1  1  1  1  1  1 -1 -1 -1  1]
3100136780219983456,13,18,gaussian,13d_18n_gaussiandist_3100136780219983456seed_12,68.94504549,72.99801371,0.9444783767,"[0.14765485 0.38254137 0.15079645 0.37650916 0.15079645 0.37543617
 0.15393804 0.37952669 0.15393804 0.37682581 0.15707963 0.39064553
 0.14137167 0.3851847  0.1288053  0.36587059 0.16336282 0.36247021
 0.13508848 0.32259665]",[-1  1 -1  1  1 -1  1 -1  1  1 -1 -1 -1 -1 -1 -1 -1  1]
1761616278329150776,13,20,gaussian,13d_20n_gaussiandist_1761616278329150776seed_8,76.80854476,84.02170181,0.9141512621,"[0.14451326 0.37064916 0.14451326 0.37336369 0.14451326 0.37062327
 0.14137167 0.37876021 0.13508848 0.37896227 0.14137167 0.37424191
 0.14765485 0.37034478 0.16650441 0.36650992 0.169646   0.34848406
 0.18535397 0.33678966 0.18849556 0.33485279 0.20734512 0.33286787]",[-1 -1  1 -1 -1  1  1  1  1 -1 -1  1  1 -1 -1 -1  1  1 -1  1]
3402758566043979132,13,20,gaussian,13d_20n_gaussiandist_3402758566043979132seed_10,75.16939506,82.75770637,0.9083068919,"[0.14765485 0.38004257 0.14765485 0.37746542 0.14765485 0.36956122
 0.14451326 0.37116392 0.13823008 0.36399349 0.13823008 0.35886144
 0.14765485 0.36166562 0.14451326 0.34944704 0.14451326 0.34953089
 0.13823008 0.35227264 0.12566371 0.34206779 0.16650441 0.36202757]",[-1  1  1 -1 -1 -1  1  1 -1  1 -1 -1  1 -1 -1  1 -1 -1  1 -1]
8643825309590367249,13,20,gaussian,13d_20n_gaussiandist_8643825309590367249seed_12,85.28413506,90.30646463,0.9443857138,"[0.14765485 0.38125236 0.15079645 0.37643116 0.14765485 0.37646641
 0.15393804 0.38997098 0.15079645 0.39394739 0.15393804 0.398078
 0.14137167 0.39956948 0.1288053  0.39386929 0.13823008 0.37683966
 0.1288053  0.3575187  0.16336282 0.37487547 0.15079645 0.34314467]",[-1  1  1 -1 -1 -1  1 -1 -1  1  1 -1 -1 -1  1 -1 -1  1  1 -1]
1929959085552882299,13,20,gaussian,13d_20n_gaussiandist_1929959085552882299seed_16,90.36416757,98.02519871,0.9218463085,"[0.15079645 0.40771654 0.14765485 0.41394556 0.14451326 0.40629861
 0.14451326 0.40621239 0.14137167 0.40368726 0.14137167 0.40151192
 0.13823008 0.40099462 0.11938052 0.3891075  0.1288053  0.38491048
 0.1288053  0.37313459 0.1727876  0.38984757 0.14451326 0.36526216]",[-1 -1  1 -1 -1 -1 -1 -1 -1 -1 -1 -1  1  1 -1 -1 -1  1  1  1]
2577561338465391726,13,22,gaussian,13d_22n_gaussiandist_2577561338465391726seed_10,94.37568759,107.7875811,0.8755710688,"[0.14765485 0.38662632 0.14451326 0.38816616 0.13823008 0.38467024
 0.14137167 0.38198648 0.13508848 0.37923643 0.1288053  0.37344066
 0.12252211 0.37396809 0.12252211 0.38176189 0.10681415 0.37897103
 0.1288053  0.36036945 0.13194689 0.34970473 0.12566371 0.3420353
 0.17907078 0.35891037 0.20106193 0.35964128]",[-1  1 -1  1 -1  1 -1  1 -1  1  1  1  1  1  1 -1  1 -1 -1 -1 -1 -1]
8160645823816788866,13,22,gaussian,13d_22n_gaussiandist_8160645823816788866seed_12,90.08138495,96.63376275,0.9321937011,"[0.14765485 0.38961357 0.14451326 0.38671601 0.14451326 0.38622244
 0.14137167 0.38169059 0.13823008 0.37438314 0.13194689 0.36130334
 0.12252211 0.35564553 0.13194689 0.36949007 0.12252211 0.35349239
 0.11623893 0.3389723  0.12566371 0.33510829 0.1288053  0.34254343
 0.11938052 0.33487497 0.13194689 0.33618675]",[-1 -1 -1 -1 -1  1  1  1  1 -1  1  1 -1 -1  1 -1  1 -1 -1  1 -1  1]
1509586285951205974,13,26,gaussian,13d_26n_gaussiandist_1509586285951205974seed_3,107.3354729,114.3051849,0.9390254077,"[0.14765485 0.38429227 0.14765485 0.38299086 0.14765485 0.38177423
 0.14765485 0.37955301 0.14451326 0.37509007 0.14765485 0.38117147
 0.14137167 0.38283002 0.13508848 0.37982405 0.13194689 0.37881887
 0.13194689 0.36280867 0.14451326 0.37167145 0.14765485 0.37979663
 0.15079645 0.37889871 0.14765485 0.37701727 0.13823008 0.37094636
 0.16336282 0.36769155 0.17592919 0.36040069 0.17907078 0.3649255 ]","[-1 -1 -1 -1  1  1  1 -1 -1  1 -1 -1  1 -1 -1 -1  1 -1 -1  1 -1  1 -1  1
  1 -1]"
5852281665505964054,13,28,gaussian,13d_28n_gaussiandist_5852281665505964054seed_5,129.051906,138.8387624,0.9295091932,"[0.14765485 0.39872879 0.14137167 0.39251792 0.14137167 0.39729209
 0.14137167 0.39717123 0.13823008 0.39757287 0.14137167 0.39501857
 0.13508848 0.38832364 0.13194689 0.38457021 0.12566371 0.37878904
 0.13823008 0.38608493 0.14137167 0.38490383 0.13823008 0.38319524
 0.13508848 0.38237483 0.13194689 0.38536873 0.12252211 0.38507677
 0.12252211 0.36055512 0.13194689 0.37288063 0.12566371 0.37232982
 0.12566371 0.3512594  0.10995574 0.3138559 ]","[-1 -1  1  1  1 -1 -1  1 -1 -1  1 -1 -1  1 -1 -1 -1 -1  1 -1 -1  1  1  1
  1 -1 -1 -1]"
5662692928521938881,13,28,gaussian,13d_28n_gaussiandist_5662692928521938881seed_12,117.5886894,128.4671648,0.9153209659,"[0.14765485 0.38952262 0.14765485 0.38755175 0.14137167 0.38547471
 0.14451326 0.38272076 0.14451326 0.381491   0.15079645 0.38484214
 0.14765485 0.3827328  0.14451326 0.37651571 0.14451326 0.37201416
 0.14137167 0.36078764 0.14137167 0.36283456 0.13823008 0.36645297
 0.1288053  0.36022841 0.12566371 0.35654486 0.13194689 0.35539127
 0.12566371 0.34858188 0.11623893 0.34586334 0.15393804 0.36692152
 0.13508848 0.33284451 0.169646   0.34168153]","[-1 -1 -1  1 -1 -1  1 -1 -1 -1 -1 -1 -1  1 -1 -1  1 -1  1  1 -1  1 -1 -1
  1  1  1 -1]"
3514267855280160735,13,28,gaussian,13d_28n_gaussiandist_3514267855280160735seed_17,110.6738112,122.7837601,0.9013717376,"[0.14765485 0.38703723 0.15079645 0.38893695 0.14451326 0.38590831
 0.14765485 0.38895605 0.14765485 0.38595164 0.14451326 0.38671414
 0.14137167 0.3835119  0.14137167 0.37956484 0.14451326 0.37447479
 0.14451326 0.37527838 0.14451326 0.37528617 0.14137167 0.37003694
 0.16022123 0.38033869 0.15707963 0.37646957 0.15079645 0.37811964
 0.15393804 0.37751889 0.16022123 0.35525043 0.15393804 0.34214536
 0.20420352 0.35776113 0.22305308 0.39286952]","[-1 -1  1 -1  1  1  1 -1 -1 -1  1 -1 -1  1  1  1  1 -1  1  1  1  1  1 -1
 -1 -1  1  1]"
2196722364537300209,13,30,gaussian,13d_30n_gaussiandist_2196722364537300209seed_22,119.2945612,139.0005795,0.8582306753,"[0.14765485 0.38965624 0.14451326 0.38847994 0.14137167 0.38672789
 0.13823008 0.38484983 0.13508848 0.37793246 0.13194689 0.3737409
 0.14137167 0.37701299 0.13508848 0.37673969 0.12566371 0.37051204
 0.11623893 0.36065095 0.14137167 0.36366225 0.14137167 0.36367997
 0.13823008 0.36048284 0.13823008 0.35992392 0.13508848 0.34722645
 0.14451326 0.35132665 0.13508848 0.34070668 0.13823008 0.3432165
 0.13194689 0.32038534 0.16650441 0.33539517 0.13823008 0.30407564
 0.18221237 0.32774266]","[-1  1  1 -1 -1  1  1 -1  1  1  1 -1  1 -1 -1 -1  1 -1 -1  1  1  1 -1 -1
  1  1  1 -1 -1  1]"
2746481166015507466,14,17,gaussian,14d_17n_gaussiandist_2746481166015507466seed_2,67.16438072,71.25378499,0.9426079012,"[0.14451326 0.38885688 0.14137167 0.38553766 0.1288053  0.38305593
 0.1288053  0.35114311 0.1288053  0.34109603 0.11938052 0.33837742
 0.10681415 0.32475025 0.15707963 0.3410777  0.14137167 0.32695523]",[-1  1  1  1  1  1 -1  1 -1 -1  1 -1  1  1 -1  1 -1]
454490054695139237,14,17,gaussian,14d_17n_gaussiandist_454490054695139237seed_9,70.99888636,74.99380587,0.9467300071,"[0.14451326 0.39730826 0.14451326 0.39561822 0.14451326 0.39057996
 0.14451326 0.3880313  0.13508848 0.36843498 0.1288053  0.35737044
 0.12252211 0.34920461 0.12566371 0.35002613 0.16022123 0.3908907 ]",[-1  1 -1 -1 -1  1 -1 -1 -1  1 -1  1  1 -1 -1 -1  1]
4635338802327042979,14,17,gaussian,14d_17n_gaussiandist_4635338802327042979seed_10,65.74902854,76.85616664,0.8554814977,"[0.14451326 0.38600108 0.14765485 0.38274971 0.14451326 0.37954296
 0.13823008 0.37289891 0.14137167 0.38337991 0.13823008 0.37252957
 0.12252211 0.35392658 0.11309734 0.33857859 0.10681415 0.33046596]",[-1  1  1 -1  1  1 -1 -1  1  1 -1  1  1 -1 -1 -1 -1]
1549716104809866615,14,18,gaussian,14d_18n_gaussiandist_1549716104809866615seed_9,74.76170554,80.10848323,0.9332557867,"[0.13823008 0.37383652 0.13823008 0.37057585 0.13508848 0.37659558
 0.14137167 0.38511161 0.13508848 0.38050559 0.1288053  0.36826711
 0.1727876  0.39674138 0.14137167 0.37637629 0.16022123 0.40279553
 0.18221237 0.40892778]",[-1  1  1  1 -1  1  1  1 -1 -1  1  1  1  1  1 -1 -1 -1]
1564708340757964772,14,18,gaussian,14d_18n_gaussiandist_1564708340757964772seed_12,77.49858944,86.59397485,0.8949651471,"[0.14137167 0.40715935 0.13508848 0.40195834 0.13508848 0.4060136
 0.13194689 0.40006581 0.1288053  0.38377449 0.13194689 0.39103372
 0.12252211 0.37795513 0.12252211 0.36062005 0.13194689 0.34343106
 0.13508848 0.353491  ]",[-1  1 -1 -1  1 -1  1 -1 -1  1  1 -1 -1  1  1  1 -1  1]
9219147472714694777,14,19,gaussian,14d_19n_gaussiandist_9219147472714694777seed_0,75.15649594,83.57912391,0.8992256968,"[0.13823008 0.37705513 0.13823008 0.36804226 0.13194689 0.36688441
 0.12566371 0.36012815 0.13823008 0.35895675 0.1288053  0.34842857
 0.13508848 0.34402571 0.14137167 0.3498796  0.13508848 0.34565294
 0.10367256 0.3218419  0.15393804 0.34899088]",[-1  1 -1  1 -1 -1 -1  1  1  1 -1 -1  1 -1 -1  1  1 -1 -1]
2074059563689592989,14,19,gaussian,14d_19n_gaussiandist_2074059563689592989seed_12,81.28135653,86.12786252,0.9437289415,"[0.14137167 0.38306377 0.13508848 0.37489136 0.13194689 0.36481606
 0.13508848 0.36647067 0.13508848 0.37818974 0.12566371 0.36277596
 0.12566371 0.36690555 0.14451326 0.38401274 0.13194689 0.35983243
 0.13508848 0.36862223 0.14451326 0.35192359]",[-1  1 -1 -1 -1  1  1  1  1  1  1 -1 -1 -1  1  1 -1  1  1]
8461293251061714865,14,21,gaussian,14d_21n_gaussiandist_8461293251061714865seed_0,92.91255034,103.9840275,0.8935271366,"[0.14451326 0.39303676 0.14451326 0.39493265 0.13823008 0.38831366
 0.13508848 0.38292907 0.12566371 0.37110318 0.1288053  0.37078918
 0.14451326 0.37754815 0.14137167 0.38344255 0.14451326 0.38476614
 0.14137167 0.36675204 0.13508848 0.35059148 0.14765485 0.36001644
 0.1288053  0.34237847]",[-1  1  1 -1 -1 -1  1 -1 -1 -1  1 -1  1 -1  1  1 -1  1 -1 -1  1]
249403128539228500,14,21,gaussian,14d_21n_gaussiandist_249403128539228500seed_7,89.87249687,96.87545498,0.9277117397,"[0.14137167 0.40266379 0.14137167 0.39793498 0.13823008 0.40363301
 0.13194689 0.39605715 0.13194689 0.38478294 0.13194689 0.38659591
 0.12252211 0.37419671 0.12252211 0.36768432 0.11309734 0.3694597
 0.13823008 0.36404119 0.13194689 0.36053804 0.11623893 0.35150264
 0.11938052 0.34173585]",[-1 -1  1 -1 -1  1 -1  1  1  1 -1 -1  1 -1  1  1 -1  1 -1 -1  1]
9070400600394917346,14,21,gaussian,14d_21n_gaussiandist_9070400600394917346seed_19,92.06480142,99.47947963,0.9254652494,"[0.14451326 0.38568234 0.14137167 0.38557939 0.14137167 0.38512137
 0.13508848 0.38167949 0.1288053  0.37864481 0.12566371 0.36773843
 0.12252211 0.36618123 0.14765485 0.36098747 0.14137167 0.35747912
 0.13194689 0.34946452 0.15079645 0.36975997 0.14137167 0.37360805
 0.13194689 0.35659216]",[-1 -1  1  1 -1  1  1 -1 -1  1 -1 -1  1  1 -1 -1  1 -1 -1 -1  1]
3097327881802647220,14,22,gaussian,14d_22n_gaussiandist_3097327881802647220seed_12,89.98941423,98.85722861,0.9102967532,"[0.14137167 0.38627775 0.13508848 0.37814086 0.13508848 0.37733613
 0.13194689 0.36715554 0.12566371 0.36221922 0.14451326 0.36689301
 0.13823008 0.36666068 0.13508848 0.36303034 0.13508848 0.35077328
 0.1288053  0.33900765 0.12566371 0.33221126 0.11938052 0.32267698
 0.15393804 0.35318339 0.14137167 0.34834155]",[-1  1  1  1 -1  1  1  1 -1  1 -1 -1 -1 -1 -1 -1 -1  1  1  1  1  1]
5999666810372047754,14,24,gaussian,14d_24n_gaussiandist_5999666810372047754seed_0,108.6824268,119.5389663,0.9091799114,"[0.14137167 0.39666365 0.14451326 0.399588   0.13823008 0.39797442
 0.13508848 0.39574259 0.13194689 0.3959649  0.13508848 0.39270623
 0.13194689 0.3918797  0.12566371 0.38582506 0.12252211 0.36644494
 0.11938052 0.37422437 0.11938052 0.38285186 0.10367256 0.37085831
 0.10681415 0.36820485 0.11309734 0.36255368 0.14765485 0.37752973
 0.13194689 0.35795075]",[-1 -1 -1  1  1 -1  1  1  1  1  1  1  1  1 -1 -1 -1 -1  1  1  1 -1 -1 -1]
7251744869688519224,14,24,gaussian,14d_24n_gaussiandist_7251744869688519224seed_4,107.1127815,122.1828894,0.8766594248,"[0.14451326 0.39224398 0.14451326 0.39002364 0.14137167 0.39052497
 0.14137167 0.3915162  0.13508848 0.38641828 0.13194689 0.37938552
 0.13823008 0.38316322 0.13508848 0.38292506 0.1288053  0.38270906
 0.13194689 0.38367846 0.12252211 0.37286546 0.13823008 0.37481849
 0.14451326 0.36451892 0.15393804 0.3567769  0.15393804 0.35061191
 0.14765485 0.34769294]",[-1 -1 -1 -1  1 -1  1  1  1 -1  1  1 -1  1 -1  1  1 -1 -1  1 -1 -1 -1  1]
6788332921706521430,14,25,gaussian,14d_25n_gaussiandist_6788332921706521430seed_5,94.24689956,103.6019115,0.909702323,"[0.14451326 0.37281312 0.14451326 0.37259593 0.14137167 0.37167253
 0.13508848 0.37360082 0.13194689 0.36887525 0.1288053  0.36412889
 0.1288053  0.3600107  0.13194689 0.36015041 0.13823008 0.35674743
 0.14137167 0.36372231 0.13823008 0.35551544 0.11623893 0.34162278
 0.13194689 0.3516499  0.14137167 0.33652413 0.15079645 0.35552833
 0.14765485 0.33975724 0.14137167 0.33596764]","[-1  1 -1 -1 -1  1  1 -1  1  1  1 -1 -1  1  1 -1  1 -1 -1 -1  1  1  1  1
 -1]"
7758108953307566560,14,25,gaussian,14d_25n_gaussiandist_7758108953307566560seed_6,119.3075007,126.0753021,0.9463193721,"[0.14451326 0.38375423 0.13823008 0.37903037 0.14451326 0.382637
 0.14137167 0.37688872 0.13823008 0.37099413 0.14137167 0.36346505
 0.14765485 0.36810965 0.14765485 0.37317045 0.14451326 0.37354722
 0.14137167 0.38704637 0.13194689 0.38747184 0.13194689 0.39797211
 0.13194689 0.37506931 0.13823008 0.38051386 0.13823008 0.37758251
 0.12566371 0.36283879 0.11623893 0.34207254]","[-1  1 -1 -1  1  1 -1  1  1 -1  1 -1 -1 -1 -1  1  1 -1  1 -1  1  1 -1  1
  1]"
1586577094030835215,14,26,gaussian,14d_26n_gaussiandist_1586577094030835215seed_6,116.8281415,128.2656181,0.9108297553,"[0.14451326 0.39371301 0.14137167 0.39098989 0.13823008 0.38706621
 0.13823008 0.38891403 0.13508848 0.38355398 0.13194689 0.37928569
 0.13508848 0.3719112  0.13194689 0.3698209  0.13194689 0.36459389
 0.14137167 0.38049321 0.14137167 0.39086113 0.14137167 0.40068065
 0.12566371 0.39473607 0.12566371 0.37762973 0.16650441 0.38121687
 0.16650441 0.38419257 0.15707963 0.37509289 0.13823008 0.35740642]","[-1  1 -1  1 -1  1 -1 -1 -1  1  1 -1  1  1 -1 -1 -1  1 -1  1  1 -1 -1 -1
  1 -1]"
2062405213121952082,14,26,gaussian,14d_26n_gaussiandist_2062405213121952082seed_17,119.5647019,134.1016301,0.8915976773,"[0.14137167 0.40264292 0.13823008 0.39636791 0.13508848 0.3976687
 0.13194689 0.39630643 0.1288053  0.39640274 0.1288053  0.38905749
 0.13194689 0.39193525 0.1288053  0.38526285 0.12566371 0.38338769
 0.11623893 0.3762941  0.12566371 0.37567935 0.12252211 0.36240116
 0.1288053  0.38145261 0.11938052 0.3653478  0.10367256 0.34939181
 0.15079645 0.38841921 0.14451326 0.3663268  0.11938052 0.34923469]","[-1  1  1  1 -1 -1 -1 -1  1 -1  1  1 -1 -1  1  1  1  1  1  1 -1  1 -1  1
  1 -1]"
7202021459441845763,14,26,gaussian,14d_26n_gaussiandist_7202021459441845763seed_19,105.608165,113.5568345,0.9300027205,"[0.14451326 0.3873485  0.14137167 0.38063264 0.14451326 0.38048177
 0.14137167 0.38063894 0.13823008 0.37691593 0.13508848 0.37244902
 0.1288053  0.37103575 0.12566371 0.37111505 0.12566371 0.37282546
 0.12566371 0.37256042 0.12566371 0.36592083 0.12566371 0.36768553
 0.12566371 0.36325463 0.13508848 0.36288268 0.13823008 0.35215016
 0.13823008 0.35233363 0.169646   0.3611013  0.169646   0.36679821]","[-1  1  1  1  1  1 -1 -1 -1 -1  1 -1  1  1 -1  1 -1  1 -1  1  1  1  1 -1
 -1  1]"
5666891328831843628,14,27,gaussian,14d_27n_gaussiandist_5666891328831843628seed_2,115.3388641,122.5463445,0.9411856758,"[0.14137167 0.38949499 0.13823008 0.38770111 0.14137167 0.38675263
 0.13823008 0.38145683 0.13508848 0.37644814 0.14137167 0.37566298
 0.14137167 0.3790042  0.14765485 0.3818901  0.14765485 0.37783541
 0.14451326 0.37837331 0.13508848 0.3752845  0.13508848 0.35955345
 0.13823008 0.35652601 0.13508848 0.3578237  0.13194689 0.34804717
 0.1288053  0.34448203 0.12566371 0.34275756 0.11938052 0.33713335
 0.10367256 0.32978982]","[-1  1  1 -1  1  1  1 -1  1 -1 -1 -1 -1 -1  1 -1  1  1  1 -1  1  1 -1 -1
  1  1  1]"
2670252677026054834,14,27,gaussian,14d_27n_gaussiandist_2670252677026054834seed_7,112.3608179,129.7915244,0.865702275,"[0.14451326 0.38907305 0.14137167 0.38866429 0.14137167 0.39013304
 0.14451326 0.39604935 0.14137167 0.39465034 0.13508848 0.39055302
 0.1288053  0.37823495 0.10995574 0.37377823 0.14137167 0.36560542
 0.14451326 0.35946216 0.14137167 0.3575922  0.13823008 0.35706535
 0.13508848 0.34764037 0.13823008 0.35186113 0.13508848 0.35408968
 0.1288053  0.35138179 0.12566371 0.34692884 0.11623893 0.32983325
 0.12566371 0.31843399]","[-1 -1  1  1 -1  1 -1 -1 -1 -1  1  1 -1  1 -1  1  1 -1 -1 -1  1  1  1 -1
  1 -1 -1]"
7544758136152857696,14,28,gaussian,14d_28n_gaussiandist_7544758136152857696seed_13,127.8288541,142.4083885,0.8976216604,"[0.14451326 0.39634892 0.13823008 0.39119723 0.13823008 0.38958483
 0.13823008 0.38899865 0.14137167 0.39281728 0.14451326 0.38374152
 0.14137167 0.38003634 0.13823008 0.37656183 0.13194689 0.37570655
 0.13194689 0.37280326 0.1288053  0.36891857 0.12566371 0.36753995
 0.12252211 0.36187885 0.11938052 0.36188238 0.10995574 0.3471907
 0.12252211 0.35345565 0.11309734 0.34720681 0.1288053  0.3749086
 0.14137167 0.39376672 0.10995574 0.35685583]","[-1 -1  1 -1 -1 -1  1 -1 -1  1  1  1  1 -1  1 -1  1 -1  1  1 -1  1 -1 -1
  1 -1  1 -1]"
4067894019694707241,14,28,gaussian,14d_28n_gaussiandist_4067894019694707241seed_15,131.7151311,141.7883527,0.9289559302,"[0.14451326 0.40191258 0.14451326 0.39462675 0.14137167 0.39177833
 0.14451326 0.39351675 0.14765485 0.39759294 0.13823008 0.39188511
 0.14137167 0.39492416 0.14451326 0.39862259 0.1288053  0.38812735
 0.14451326 0.39820245 0.14765485 0.39389586 0.14765485 0.40070236
 0.14451326 0.40141691 0.14137167 0.39396894 0.13823008 0.40485315
 0.12566371 0.40446086 0.11309734 0.39763038 0.12252211 0.37508922
 0.14137167 0.367912   0.16022123 0.38180142]","[-1  1  1 -1  1 -1 -1 -1 -1  1  1 -1 -1  1  1  1  1  1 -1  1  1 -1  1 -1
  1 -1  1  1]"
2244961859757619713,14,28,gaussian,14d_28n_gaussiandist_2244961859757619713seed_16,120.8389145,130.5560127,0.9255714235,"[0.14137167 0.39648325 0.14451326 0.393749   0.14137167 0.39206774
 0.13823008 0.38709325 0.13823008 0.38842202 0.13823008 0.38278334
 0.13823008 0.37722244 0.13823008 0.3806775  0.13194689 0.37737457
 0.12566371 0.37212115 0.12252211 0.37920878 0.11938052 0.38427489
 0.10995574 0.37426382 0.1288053  0.37486118 0.10995574 0.35489113
 0.16336282 0.37046091 0.16336282 0.37383214 0.15707963 0.34977362
 0.1727876  0.35297833 0.1727876  0.3430969 ]","[-1 -1  1  1  1  1 -1  1 -1  1  1  1  1 -1 -1 -1 -1 -1  1 -1  1  1  1 -1
 -1  1 -1 -1]"
4108900954917526270,14,29,gaussian,14d_29n_gaussiandist_4108900954917526270seed_20,125.8080373,133.9206315,0.9394223718,"[0.14765485 0.39819672 0.14451326 0.39762875 0.14451326 0.39732461
 0.14137167 0.3953259  0.13823008 0.38990525 0.13823008 0.38863349
 0.13823008 0.38212976 0.13508848 0.37848355 0.1288053  0.37235807
 0.1288053  0.37651119 0.1288053  0.37200528 0.11938052 0.36753289
 0.11623893 0.37211517 0.11623893 0.36044225 0.11309734 0.35670812
 0.10367256 0.35387965 0.10681415 0.32461031 0.15707963 0.37127792
 0.15393804 0.35809243 0.14765485 0.34140561 0.18849556 0.37721926]","[-1  1  1 -1  1  1 -1 -1  1 -1  1 -1 -1 -1  1 -1 -1  1  1  1  1  1 -1 -1
 -1  1  1 -1 -1]"
4594454651971594827,16,18,gaussian,16d_18n_gaussiandist_4594454651971594827seed_3,81.74949499,93.48143396,0.8744997967,"[0.13194689 0.40802805 0.13194689 0.40741594 0.12252211 0.39601562
 0.1288053  0.39892919 0.13194689 0.38998253 0.1288053  0.37983605
 0.15707963 0.38279397 0.17907078 0.39794163 0.17592919 0.38711155
 0.17592919 0.3849128 ]",[-1 -1  1 -1  1  1  1 -1 -1  1 -1 -1 -1  1  1  1 -1  1]
2974440984688890186,16,18,gaussian,16d_18n_gaussiandist_2974440984688890186seed_12,80.37646112,91.45470393,0.8788663423,"[0.13508848 0.39591282 0.1288053  0.39294687 0.1288053  0.38526429
 0.1288053  0.3833891  0.12252211 0.37674098 0.11309734 0.36977674
 0.10995574 0.36065083 0.09424778 0.33512726 0.13508848 0.35268327
 0.10053096 0.31838794]",[-1 -1  1  1 -1  1  1 -1 -1  1  1  1 -1  1  1  1 -1 -1]
517584082267755318,16,18,gaussian,16d_18n_gaussiandist_517584082267755318seed_13,82.13901405,88.86905488,0.9242701429,"[0.13508848 0.40176285 0.1288053  0.38664166 0.12252211 0.38132796
 0.11623893 0.36802422 0.12566371 0.37375752 0.11938052 0.37093472
 0.11623893 0.36733584 0.11309734 0.36143328 0.11623893 0.32677813
 0.11938052 0.33469488]",[-1  1 -1 -1  1 -1  1 -1 -1  1 -1  1 -1  1 -1  1 -1 -1]
4011911116728439342,16,19,gaussian,16d_19n_gaussiandist_4011911116728439342seed_9,80.12975427,84.99882647,0.9427160068,"[0.13508848 0.39153791 0.13194689 0.38810961 0.1288053  0.39041073
 0.11309734 0.37849831 0.13194689 0.38876393 0.12566371 0.3708298
 0.12252211 0.36487798 0.11938052 0.35624303 0.12252211 0.3381843
 0.14137167 0.33599527 0.17592919 0.36203564]",[-1  1  1  1 -1  1 -1  1 -1 -1 -1  1  1 -1  1 -1  1  1  1]
2162967906520268732,16,20,gaussian,16d_20n_gaussiandist_2162967906520268732seed_14,91.43794444,99.64646239,0.9176235889,"[0.13508848 0.3891211  0.12566371 0.38734704 0.11938052 0.38436354
 0.12252211 0.38307505 0.11623893 0.37604189 0.12252211 0.38159877
 0.11623893 0.3787059  0.1288053  0.37069358 0.14451326 0.38246906
 0.14765485 0.37503384 0.15707963 0.38754048 0.15393804 0.36748201]",[-1  1  1  1 -1 -1  1 -1 -1  1 -1  1  1 -1  1  1 -1  1 -1 -1]
1305523724047395562,16,20,gaussian,16d_20n_gaussiandist_1305523724047395562seed_21,93.16046974,98.7110648,0.9437692717,"[0.13508848 0.39996592 0.13508848 0.39395748 0.13194689 0.39801007
 0.12252211 0.38200272 0.11623893 0.37633908 0.10995574 0.36024995
 0.11309734 0.36817307 0.10995574 0.37557804 0.11309734 0.37275095
 0.10995574 0.3621634  0.16650441 0.3840298  0.15707963 0.36325073]",[-1 -1 -1 -1 -1  1 -1 -1  1  1 -1 -1  1 -1  1 -1  1  1  1 -1]
5701220564820708808,16,21,gaussian,16d_21n_gaussiandist_5701220564820708808seed_3,105.4469918,112.0746106,0.9408642263,"[0.13194689 0.38726565 0.13194689 0.38695955 0.12566371 0.38660922
 0.12566371 0.38897038 0.12566371 0.38970963 0.12252211 0.39510298
 0.11309734 0.38636079 0.10681415 0.38671982 0.11309734 0.38804563
 0.10053096 0.39097228 0.09110619 0.39081216 0.084823   0.3427138
 0.16650441 0.4001599 ]",[-1  1  1 -1  1  1 -1  1 -1  1 -1  1 -1 -1  1  1 -1 -1 -1  1  1]
2647368781463850356,16,22,gaussian,16d_22n_gaussiandist_2647368781463850356seed_11,106.4723195,112.2555217,0.9484818017,"[0.13823008 0.38743378 0.13508848 0.38821324 0.13508848 0.3899815
 0.1288053  0.37988864 0.12252211 0.38121382 0.11309734 0.37932799
 0.10995574 0.37564642 0.11623893 0.37087831 0.11623893 0.37103881
 0.12566371 0.37892143 0.11623893 0.36646905 0.14451326 0.36814902
 0.13823008 0.36831597 0.15707963 0.36643507]",[-1  1 -1 -1  1  1 -1  1  1  1 -1 -1  1 -1  1 -1  1  1 -1  1  1 -1]
1755978768127848123,16,22,gaussian,16d_22n_gaussiandist_1755978768127848123seed_14,102.8303141,108.6229863,0.9466717648,"[0.13508848 0.39879848 0.13194689 0.39032729 0.12252211 0.38114368
 0.1288053  0.38045765 0.1288053  0.38543983 0.12566371 0.38078495
 0.1288053  0.36914757 0.13194689 0.36942945 0.13194689 0.37074092
 0.1288053  0.369872   0.13194689 0.36335006 0.12252211 0.34407085
 0.1288053  0.37121285 0.12252211 0.39363549]",[-1  1  1 -1 -1  1  1 -1  1  1 -1 -1 -1  1  1  1 -1  1  1 -1 -1 -1]
8308051034280393486,16,23,gaussian,16d_23n_gaussiandist_8308051034280393486seed_0,105.4693494,124.3526216,0.8481473735,"[0.13508848 0.40023503 0.1288053  0.39829156 0.1288053  0.38642921
 0.13508848 0.39295562 0.12566371 0.38672554 0.12566371 0.39136577
 0.12252211 0.38528422 0.12252211 0.38445841 0.11938052 0.3819819
 0.11309734 0.37537431 0.10995574 0.36187148 0.11309734 0.36198659
 0.10053096 0.34827377 0.14765485 0.37913866 0.13823008 0.36485573]",[-1  1  1  1  1 -1 -1  1  1  1  1 -1  1 -1 -1 -1  1  1 -1  1 -1 -1  1]
2914745848822847583,16,23,gaussian,16d_23n_gaussiandist_2914745848822847583seed_2,104.169482,113.8468675,0.9149964714,"[0.13194689 0.38501627 0.13194689 0.38104781 0.13508848 0.37698653
 0.13194689 0.36931394 0.1288053  0.36805643 0.12252211 0.36025278
 0.12566371 0.35395806 0.12252211 0.34519991 0.12252211 0.34993754
 0.11309734 0.34065083 0.1288053  0.35780352 0.14137167 0.37692848
 0.15079645 0.3827867  0.16650441 0.37536392 0.16650441 0.36489072]",[-1  1  1 -1  1 -1  1  1 -1  1  1  1 -1  1  1  1 -1 -1 -1 -1 -1 -1  1]
8252872573343249133,16,24,gaussian,16d_24n_gaussiandist_8252872573343249133seed_10,108.2462045,114.3020739,0.9470187268,"[0.13508848 0.38288019 0.13508848 0.37898023 0.13194689 0.38019702
 0.13194689 0.38292153 0.13194689 0.37850295 0.12252211 0.37104822
 0.1288053  0.36496379 0.12566371 0.36094066 0.11623893 0.35225075
 0.12566371 0.34980429 0.12252211 0.33955677 0.11309734 0.31483749
 0.10681415 0.31215453 0.12566371 0.33667624 0.11623893 0.31516416
 0.14451326 0.36573788]",[-1 -1  1 -1  1  1  1 -1 -1  1 -1 -1  1 -1  1  1  1  1  1 -1 -1 -1  1  1]
2540237610684664019,16,24,gaussian,16d_24n_gaussiandist_2540237610684664019seed_22,112.9594952,121.7344534,0.9279172172,"[0.13508848 0.3934464  0.13508848 0.39318348 0.13194689 0.38783028
 0.1288053  0.38380576 0.12566371 0.38352752 0.12252211 0.37691964
 0.11938052 0.37975734 0.11623893 0.37824681 0.11938052 0.38173031
 0.10995574 0.37868006 0.11623893 0.38880017 0.10053096 0.36855014
 0.14137167 0.39989452 0.12566371 0.40097199 0.13508848 0.38521551
 0.1288053  0.37375215]",[-1  1  1 -1  1 -1  1  1  1  1 -1 -1 -1  1  1 -1 -1  1  1 -1 -1 -1 -1 -1]
4246336587953737712,16,25,gaussian,16d_25n_gaussiandist_4246336587953737712seed_4,117.6941007,126.4121764,0.9310345261,"[0.13823008 0.40280571 0.13823008 0.40449626 0.13508848 0.39979498
 0.13194689 0.39915286 0.1288053  0.3979489  0.1288053  0.40116762
 0.12566371 0.3972558  0.1288053  0.40570069 0.12566371 0.38022713
 0.13194689 0.38497738 0.13823008 0.39042218 0.13823008 0.37074429
 0.16336282 0.39367176 0.16336282 0.38825264 0.14137167 0.38070663
 0.13508848 0.33433135 0.12566371 0.32316282]","[-1  1 -1 -1 -1 -1 -1  1  1 -1  1  1  1  1  1  1 -1  1  1  1 -1 -1 -1  1
  1]"
6294767389391979881,16,25,gaussian,16d_25n_gaussiandist_6294767389391979881seed_19,114.1191789,129.1333183,0.8837314829,"[0.13508848 0.3917074  0.13194689 0.38925566 0.13194689 0.38954948
 0.1288053  0.38836554 0.1288053  0.38758991 0.1288053  0.39410527
 0.12252211 0.38496706 0.12566371 0.37430157 0.12252211 0.37201277
 0.11938052 0.37130069 0.12252211 0.37261644 0.12566371 0.37689408
 0.11623893 0.35694851 0.15079645 0.38742828 0.14765485 0.38538024
 0.14451326 0.38156743 0.14137167 0.36660891]","[-1 -1 -1  1  1 -1 -1 -1  1 -1  1  1 -1 -1 -1 -1 -1  1 -1 -1 -1  1 -1 -1
  1]"
2645393283052434994,16,25,gaussian,16d_25n_gaussiandist_2645393283052434994seed_24,120.1844131,127.2764265,0.9442786574,"[0.13508848 0.38344967 0.14137167 0.3920342  0.13823008 0.39350057
 0.13508848 0.38824719 0.13823008 0.38777225 0.13823008 0.38662994
 0.13508848 0.39027023 0.13194689 0.38979438 0.12566371 0.38627094
 0.12252211 0.39243357 0.12252211 0.38546148 0.11938052 0.39964298
 0.09738937 0.38516618 0.13823008 0.37117032 0.16022123 0.36346862
 0.14451326 0.34984777 0.13823008 0.33816245]","[-1 -1  1  1  1 -1  1  1  1  1  1  1 -1  1 -1  1  1 -1  1  1 -1 -1 -1  1
 -1]"
7050110790223408557,16,26,gaussian,16d_26n_gaussiandist_7050110790223408557seed_13,117.2823957,125.8840481,0.9316700363,"[0.13508848 0.39622855 0.13508848 0.3952919  0.13508848 0.39557998
 0.13194689 0.39282945 0.1288053  0.3910363  0.11623893 0.3807629
 0.13194689 0.38577651 0.12252211 0.37666347 0.11938052 0.37198342
 0.12252211 0.37328746 0.13823008 0.3767596  0.13823008 0.37982478
 0.1288053  0.37116744 0.13508848 0.36291134 0.14137167 0.38705944
 0.14451326 0.36763005 0.16336282 0.35848304 0.18849556 0.38445387]","[-1  1  1  1  1  1 -1  1 -1 -1  1 -1 -1 -1 -1 -1  1 -1 -1 -1 -1 -1  1 -1
  1  1]"
836538326737013678,16,26,gaussian,16d_26n_gaussiandist_836538326737013678seed_18,111.6948959,124.2020459,0.8992999682,"[0.13508848 0.38652005 0.13508848 0.3862033  0.13823008 0.38188661
 0.13508848 0.38265051 0.13194689 0.37408857 0.13508848 0.37735224
 0.1288053  0.37821254 0.13194689 0.38189938 0.13194689 0.38134826
 0.12566371 0.37172204 0.13508848 0.38041838 0.13823008 0.37050262
 0.13823008 0.37996176 0.14137167 0.38226932 0.14451326 0.37297545
 0.13194689 0.36263034 0.1288053  0.34093641 0.19477874 0.3532783 ]","[-1  1 -1 -1 -1 -1 -1 -1 -1 -1  1 -1  1  1 -1 -1  1  1  1 -1  1  1 -1 -1
 -1  1]"
3945149256863179931,16,26,gaussian,16d_26n_gaussiandist_3945149256863179931seed_20,122.6232059,130.255037,0.9414085527,"[0.13508848 0.40757915 0.13194689 0.40703432 0.12566371 0.40418992
 0.13194689 0.39197435 0.1288053  0.38996492 0.12566371 0.38390477
 0.12252211 0.37771834 0.12566371 0.38091801 0.11938052 0.37587255
 0.12566371 0.38931269 0.11938052 0.38838761 0.10681415 0.37626785
 0.12566371 0.36621762 0.16022123 0.37637379 0.1727876  0.38277593
 0.14451326 0.37045792 0.1727876  0.36835542 0.14451326 0.33325914]","[-1  1 -1  1 -1 -1 -1 -1  1 -1 -1  1  1  1 -1 -1 -1 -1 -1  1 -1 -1 -1  1
 -1  1]"
1724863203220818639,16,27,gaussian,16d_27n_gaussiandist_1724863203220818639seed_10,128.2436068,139.4730351,0.9194867434,"[0.13194689 0.38715958 0.13508848 0.38413403 0.13194689 0.38191531
 0.13194689 0.38175372 0.13508848 0.38161125 0.13823008 0.39086083
 0.14451326 0.38841598 0.14137167 0.38767327 0.13508848 0.37898745
 0.1288053  0.37245406 0.14137167 0.37412613 0.14451326 0.38654943
 0.15079645 0.38656894 0.14451326 0.37882266 0.13508848 0.36594945
 0.14765485 0.37364286 0.14137167 0.37018618 0.15393804 0.36131424
 0.16336282 0.35600245]","[-1  1  1 -1 -1  1  1 -1  1  1 -1 -1 -1 -1 -1 -1  1 -1 -1  1  1  1 -1 -1
 -1  1  1]"
1292277454479326680,16,27,gaussian,16d_27n_gaussiandist_1292277454479326680seed_20,127.4666467,138.3097311,0.9216028813,"[0.13194689 0.39524807 0.13194689 0.38874205 0.1288053  0.38794662
 0.1288053  0.38757516 0.1288053  0.38772279 0.12566371 0.38731739
 0.12252211 0.38799057 0.11938052 0.38878566 0.11938052 0.3853699
 0.11309734 0.38726569 0.12252211 0.38859377 0.10367256 0.37298124
 0.12252211 0.36715178 0.14451326 0.36071859 0.16022123 0.3757532
 0.14451326 0.3737056  0.14765485 0.37210314 0.13508848 0.37400397
 0.1288053  0.37711233]","[-1 -1  1  1 -1 -1  1  1  1 -1 -1 -1 -1 -1 -1 -1 -1  1 -1 -1  1 -1 -1 -1
 -1  1  1]"
1351639817427255394,16,28,gaussian,16d_28n_gaussiandist_1351639817427255394seed_5,151.789309,164.3245774,0.9237164121,"[0.1288053  0.40678533 0.1288053  0.40491983 0.1288053  0.39353255
 0.12566371 0.39251203 0.13194689 0.39998613 0.1288053  0.39816126
 0.1288053  0.39756198 0.12252211 0.39521868 0.11938052 0.39841497
 0.11309734 0.39853948 0.11309734 0.38871903 0.11623893 0.41326057
 0.10995574 0.40260996 0.12566371 0.40153697 0.13508848 0.36965578
 0.10367256 0.36555373 0.11309734 0.35206101 0.14137167 0.37635256
 0.169646   0.37342539 0.23561945 0.3490363 ]","[-1 -1  1  1 -1  1  1  1  1 -1 -1  1 -1  1  1 -1  1  1  1 -1 -1  1  1  1
 -1 -1 -1 -1]"
5460059861849560417,16,28,gaussian,16d_28n_gaussiandist_5460059861849560417seed_18,149.1046127,159.8597322,0.9327215218,"[0.13194689 0.40470676 0.13508848 0.40738674 0.13194689 0.40627881
 0.12566371 0.40237805 0.12252211 0.40026267 0.12252211 0.4006846
 0.11938052 0.39941609 0.11623893 0.39410922 0.11938052 0.39488307
 0.11309734 0.38812444 0.11623893 0.38283838 0.11623893 0.38720149
 0.12252211 0.40386642 0.10995574 0.39615968 0.10681415 0.38874399
 0.12566371 0.39691041 0.12252211 0.38733465 0.13508848 0.38297084
 0.14451326 0.38081808 0.14137167 0.38488541]","[-1 -1  1  1  1  1  1 -1 -1 -1 -1 -1 -1  1 -1  1 -1 -1 -1  1 -1 -1  1 -1
 -1 -1 -1 -1]"
626757456675153041,16,28,gaussian,16d_28n_gaussiandist_626757456675153041seed_21,126.5787677,133.5363234,0.9478976545,"[0.1288053  0.38015386 0.13194689 0.37534005 0.13194689 0.3731487
 0.13194689 0.36983666 0.13508848 0.3701652  0.1288053  0.36912743
 0.1288053  0.36410174 0.1288053  0.36335197 0.12566371 0.36470943
 0.1288053  0.36094829 0.1288053  0.36156968 0.11938052 0.35098567
 0.13194689 0.36106    0.1288053  0.35706022 0.13823008 0.38424535
 0.13194689 0.37780712 0.13194689 0.38246357 0.13194689 0.3780822
 0.12566371 0.36488429 0.15393804 0.36600172]","[-1  1  1 -1  1  1  1 -1  1  1  1  1 -1 -1  1 -1 -1  1 -1 -1 -1  1  1 -1
 -1  1  1  1]"
6706425866884242603,16,30,gaussian,16d_30n_gaussiandist_6706425866884242603seed_13,148.3179698,158.0822614,0.9382328445,"[0.13194689 0.39502301 0.13194689 0.38815584 0.1288053  0.38562153
 0.12566371 0.38135592 0.1288053  0.38635134 0.1288053  0.38533164
 0.1288053  0.38675757 0.12566371 0.38326453 0.11938052 0.3769798
 0.10995574 0.37034392 0.12252211 0.37212472 0.11938052 0.37564066
 0.11623893 0.36814268 0.10367256 0.35484331 0.09738937 0.34369522
 0.09110619 0.3404613  0.11938052 0.36226208 0.11309734 0.34634556
 0.10053096 0.33868704 0.10995574 0.34882087 0.10367256 0.33696818
 0.169646   0.37362291]","[-1  1  1  1  1 -1 -1 -1  1 -1 -1  1  1  1 -1 -1 -1  1  1  1 -1 -1 -1 -1
 -1  1  1  1 -1 -1]"
1548903787867414553,17,20,gaussian,17d_20n_gaussiandist_1548903787867414553seed_10,89.22654517,94.31967851,0.9460013708,"[0.1288053  0.37949148 0.12252211 0.37282979 0.11623893 0.3641571
 0.11938052 0.37190175 0.1288053  0.37384226 0.11623893 0.3652048
 0.12252211 0.34641587 0.12566371 0.34978763 0.13508848 0.36270687
 0.14765485 0.34550699 0.1288053  0.32342932 0.169646   0.36837677]",[-1 -1  1 -1  1 -1  1 -1  1  1  1  1 -1 -1 -1 -1  1 -1 -1 -1]
5355016256146513515,17,20,gaussian,17d_20n_gaussiandist_5355016256146513515seed_19,84.69301341,99.2988688,0.8529101533,"[0.1288053  0.3857343  0.12566371 0.38521856 0.12252211 0.38479313
 0.12566371 0.38001093 0.11938052 0.37456496 0.12252211 0.37407788
 0.12566371 0.38164318 0.11623893 0.35873444 0.09424778 0.33203015
 0.18849556 0.37443508 0.18849556 0.36513384 0.21048671 0.38764433]",[-1  1  1 -1  1  1  1 -1 -1  1  1 -1 -1  1 -1  1 -1 -1 -1  1]
4617483276123561806,17,24,gaussian,17d_24n_gaussiandist_4617483276123561806seed_21,107.2997265,117.7053616,0.9115959123,"[0.13194689 0.37860121 0.1288053  0.37628034 0.1288053  0.3764269
 0.11938052 0.36830379 0.13508848 0.37064704 0.13508848 0.37116333
 0.1288053  0.36610559 0.13194689 0.37156929 0.13194689 0.37554708
 0.12566371 0.36495037 0.11623893 0.36658675 0.11623893 0.3621602
 0.10995574 0.35465739 0.14451326 0.35465772 0.15393804 0.38112808
 0.14451326 0.37651275]",[-1  1 -1 -1 -1 -1  1  1  1  1 -1  1  1 -1  1 -1 -1 -1 -1  1  1 -1 -1  1]
8572940285910310233,17,26,gaussian,17d_26n_gaussiandist_8572940285910310233seed_13,145.7794964,156.0938884,0.9339218715,"[0.1288053  0.39992211 0.13194689 0.40558432 0.1288053  0.40485857
 0.12566371 0.39648884 0.11938052 0.39351582 0.11623893 0.39843746
 0.11309734 0.39247681 0.10995574 0.3904669  0.11309734 0.38570161
 0.10681415 0.37925621 0.10681415 0.39257501 0.09424778 0.38073589
 0.09424778 0.3697735  0.07539822 0.34827017 0.13823008 0.3808466
 0.12566371 0.35628727 0.1727876  0.3883679  0.16650441 0.38304574]","[-1 -1 -1  1 -1 -1  1  1 -1  1 -1  1  1 -1 -1  1 -1  1  1 -1  1 -1 -1 -1
  1  1]"
1464453235659421186,17,26,gaussian,17d_26n_gaussiandist_1464453235659421186seed_15,120.5960396,136.4554935,0.8837756292,"[0.12566371 0.38379477 0.1288053  0.38362658 0.12566371 0.37625044
 0.12252211 0.377062   0.11938052 0.37554329 0.11938052 0.37152682
 0.11938052 0.3821563  0.11309734 0.37030433 0.11309734 0.37276645
 0.11309734 0.3726241  0.10995574 0.36228091 0.10053096 0.35158663
 0.09424778 0.32687119 0.07539822 0.30980913 0.11938052 0.36226164
 0.13194689 0.36375448 0.09738937 0.32526267 0.22933626 0.40162523]","[-1 -1  1  1 -1 -1 -1  1 -1 -1 -1 -1  1 -1  1  1 -1  1 -1  1 -1 -1 -1  1
  1  1]"
9135243094021577436,17,26,gaussian,17d_26n_gaussiandist_9135243094021577436seed_22,128.4784925,138.2564562,0.9292766212,"[0.12566371 0.38117421 0.1288053  0.37625419 0.12566371 0.37396703
 0.12566371 0.36658053 0.12252211 0.36616188 0.11938052 0.36294608
 0.11623893 0.35928383 0.11623893 0.35873385 0.12252211 0.35091265
 0.12566371 0.35977113 0.1288053  0.36768189 0.11938052 0.36240714
 0.12566371 0.36021299 0.12252211 0.34663817 0.13823008 0.36946552
 0.13508848 0.37240293 0.13508848 0.36899868 0.12566371 0.36264269]","[-1  1 -1 -1  1 -1  1  1  1 -1  1 -1 -1 -1  1 -1  1  1  1  1 -1 -1  1  1
  1  1]"
8091174652703551375,17,30,gaussian,17d_30n_gaussiandist_8091174652703551375seed_1,167.3794647,179.4951524,0.9325013095,"[0.12566371 0.40490996 0.12566371 0.40163379 0.1288053  0.39795237
 0.12566371 0.39652274 0.12566371 0.39487714 0.12252211 0.39078139
 0.12252211 0.3885703  0.12252211 0.38918228 0.11623893 0.38450885
 0.11938052 0.38999038 0.11623893 0.38940841 0.11309734 0.3876724
 0.11309734 0.39262227 0.11309734 0.39503911 0.11309734 0.37107875
 0.12252211 0.37615666 0.14137167 0.3961383  0.13823008 0.39373783
 0.15079645 0.39356443 0.169646   0.4209321  0.14765485 0.3966287
 0.12252211 0.3700232 ]","[-1  1 -1 -1 -1  1  1 -1  1  1 -1 -1 -1 -1  1  1 -1  1 -1  1  1  1 -1 -1
  1  1 -1 -1  1 -1]"
4307047946475357538,18,20,gaussian,18d_20n_gaussiandist_4307047946475357538seed_6,101.6937035,113.260154,0.8978771432,"[0.12566371 0.38645077 0.11938052 0.38453819 0.11623893 0.37764884
 0.11623893 0.37384762 0.11938052 0.37491982 0.12252211 0.36312746
 0.11623893 0.37280349 0.11938052 0.37270994 0.11938052 0.373547
 0.11938052 0.35210494 0.10681415 0.35185013 0.11623893 0.3839316 ]",[-1 -1 -1 -1 -1 -1  1 -1  1  1  1 -1 -1 -1  1  1  1 -1 -1  1]
3826549681269467078,18,20,gaussian,18d_20n_gaussiandist_3826549681269467078seed_19,94.00565579,102.2189114,0.9196503318,"[0.12566371 0.38980201 0.12252211 0.38837607 0.11938052 0.3830728
 0.11938052 0.36973975 0.11938052 0.36637055 0.11309734 0.35351843
 0.11623893 0.34290335 0.13508848 0.35869131 0.14451326 0.36458442
 0.13823008 0.36058469 0.14137167 0.37019461 0.11938052 0.35154533]",[-1  1  1 -1  1 -1 -1 -1  1  1 -1 -1  1  1 -1  1  1 -1 -1 -1]
2554442296073963977,18,21,gaussian,18d_21n_gaussiandist_2554442296073963977seed_7,101.5252786,107.2864555,0.9463009855,"[0.1288053  0.38506373 0.12566371 0.38317809 0.12566371 0.38020575
 0.11938052 0.37273491 0.11938052 0.37425067 0.10995574 0.36662216
 0.10367256 0.34888737 0.13508848 0.37496289 0.1288053  0.37701686
 0.12566371 0.36347534 0.13194689 0.35252891 0.13823008 0.34943822
 0.13508848 0.34674036]",[-1 -1  1  1 -1  1  1  1 -1 -1 -1  1 -1 -1  1 -1  1 -1 -1 -1 -1]
7695585327357082320,18,21,gaussian,18d_21n_gaussiandist_7695585327357082320seed_9,108.2989646,114.4501457,0.9462544928,"[0.12566371 0.39467928 0.12252211 0.39031876 0.12252211 0.39266151
 0.11623893 0.37702888 0.11309734 0.37193434 0.11309734 0.36275398
 0.13508848 0.38443249 0.13194689 0.38716286 0.12252211 0.3761088
 0.12566371 0.38440997 0.11309734 0.37533176 0.14137167 0.37953675
 0.14451326 0.35543872]",[-1  1 -1  1  1 -1  1 -1 -1 -1  1  1  1  1  1 -1 -1 -1  1  1  1]
5923467742030706722,18,22,gaussian,18d_22n_gaussiandist_5923467742030706722seed_19,119.9381228,127.6020225,0.9399390418,"[0.1288053  0.38295076 0.12566371 0.38135558 0.12252211 0.37541142
 0.12566371 0.3735621  0.12566371 0.3797782  0.12252211 0.37775422
 0.11623893 0.37644994 0.11938052 0.39392543 0.11938052 0.40191988
 0.11309734 0.3933617  0.10053096 0.39546514 0.11309734 0.38053114
 0.14451326 0.40334085 0.14137167 0.42067166]",[-1 -1  1 -1  1 -1  1  1 -1  1  1  1 -1 -1 -1 -1  1 -1  1  1 -1 -1]
8116067790116811912,18,23,gaussian,18d_23n_gaussiandist_8116067790116811912seed_21,110.9031856,123.2093133,0.90012015,"[0.12566371 0.38415763 0.12566371 0.38618574 0.12566371 0.38281588
 0.11938052 0.37382083 0.10995574 0.36534765 0.10995574 0.36694431
 0.10995574 0.36378885 0.11309734 0.3642412  0.10995574 0.3613408
 0.09424778 0.3452056  0.11309734 0.36235082 0.10367256 0.34445662
 0.1288053  0.37877107 0.12252211 0.36514783 0.12566371 0.35661327]",[-1 -1 -1 -1  1 -1 -1 -1  1  1 -1 -1 -1 -1 -1 -1 -1 -1  1  1 -1  1  1]
8778340414858875676,18,24,gaussian,18d_24n_gaussiandist_8778340414858875676seed_12,122.7252286,132.9437431,0.923136552,"[0.12252211 0.39045507 0.12252211 0.38924559 0.12566371 0.39258142
 0.12252211 0.38625956 0.11623893 0.37722918 0.11623893 0.37237607
 0.11309734 0.36401644 0.12252211 0.37797177 0.11938052 0.36931575
 0.13823008 0.38212446 0.12566371 0.38586082 0.1288053  0.38557971
 0.11623893 0.35142054 0.11938052 0.35360743 0.16336282 0.36123287
 0.13508848 0.32621276]",[-1 -1  1 -1 -1  1 -1  1 -1  1 -1  1  1  1  1  1 -1  1  1  1 -1  1  1 -1]
5007345206141884468,18,24,gaussian,18d_24n_gaussiandist_5007345206141884468seed_13,126.6949388,139.1146194,0.9107233972,"[0.12566371 0.40360679 0.12566371 0.39850983 0.12252211 0.39716167
 0.11938052 0.38991908 0.11623893 0.38441339 0.11309734 0.38353034
 0.10995574 0.3801181  0.10053096 0.37732123 0.09738937 0.38322097
 0.08796459 0.36036216 0.10995574 0.37390436 0.13508848 0.40050589
 0.12566371 0.38031809 0.15079645 0.39496566 0.14765485 0.37476216
 0.14137167 0.36867891]",[-1 -1 -1 -1  1  1  1 -1 -1 -1 -1  1  1 -1  1  1  1  1 -1  1 -1  1 -1  1]
4848178015446009390,18,25,gaussian,18d_25n_gaussiandist_4848178015446009390seed_9,128.1978285,136.7586872,0.9374017192,"[0.12252211 0.38811377 0.12566371 0.38740433 0.1288053  0.39275246
 0.12252211 0.38927055 0.11623893 0.38656299 0.11938052 0.38940637
 0.11938052 0.38687383 0.12566371 0.39222871 0.13194689 0.39076732
 0.14451326 0.39945202 0.13194689 0.40007517 0.13194689 0.39769461
 0.12252211 0.3852006  0.12566371 0.34821835 0.12252211 0.34809567
 0.12566371 0.35103975 0.1288053  0.36462966]","[-1 -1  1  1 -1  1 -1  1 -1  1 -1 -1  1 -1  1 -1 -1  1  1 -1  1  1 -1 -1
 -1]"
3388619077848910364,18,25,gaussian,18d_25n_gaussiandist_3388619077848910364seed_10,133.0416304,142.1687393,0.9358008737,"[0.12252211 0.39718082 0.1288053  0.39778636 0.12566371 0.38787099
 0.11938052 0.38552625 0.12252211 0.37971338 0.11938052 0.38213965
 0.11309734 0.37901197 0.10995574 0.37368263 0.10995574 0.37138502
 0.10367256 0.37026878 0.10053096 0.35115792 0.13823008 0.40516267
 0.14137167 0.40051017 0.14451326 0.39369066 0.14137167 0.39054402
 0.14137167 0.38732852 0.1288053  0.36862918]","[-1  1  1  1 -1  1 -1 -1 -1 -1  1  1 -1 -1 -1 -1  1 -1 -1 -1  1 -1 -1 -1
 -1]"
7034417987189057711,18,25,gaussian,18d_25n_gaussiandist_7034417987189057711seed_14,120.9274443,135.1747937,0.8946005461,"[0.12252211 0.39651065 0.12566371 0.39794469 0.11938052 0.39583691
 0.11938052 0.3883714  0.11938052 0.3806346  0.11623893 0.37904236
 0.11309734 0.37748097 0.11623893 0.36842584 0.11623893 0.36731623
 0.10995574 0.3617097  0.10995574 0.35923803 0.12566371 0.37021175
 0.1288053  0.36802618 0.13194689 0.37237752 0.11938052 0.36615975
 0.14137167 0.36338036 0.13508848 0.34805921]","[-1 -1  1 -1  1 -1 -1 -1  1  1 -1  1 -1  1  1 -1 -1  1 -1  1 -1  1  1 -1
  1]"
7726821987952885729,18,26,gaussian,18d_26n_gaussiandist_7726821987952885729seed_1,134.9180232,149.0161622,0.9053918798,"[0.12252211 0.4008335  0.12252211 0.39601686 0.12252211 0.39573286
 0.11309734 0.39472516 0.11309734 0.39370892 0.10995574 0.39340168
 0.10995574 0.39610009 0.10053096 0.39031274 0.09424778 0.37004119
 0.12252211 0.37665872 0.11938052 0.36794915 0.1288053  0.36984388
 0.11938052 0.35377716 0.14451326 0.37550253 0.14765485 0.37175159
 0.16022123 0.37102014 0.16022123 0.36208741 0.16022123 0.35748736]","[-1  1  1  1  1 -1  1  1  1 -1 -1  1 -1  1 -1  1 -1  1 -1  1 -1 -1 -1  1
  1 -1]"
6243405955013374303,18,26,gaussian,18d_26n_gaussiandist_6243405955013374303seed_7,135.7696763,150.2053085,0.9038939948,"[0.12566371 0.39364144 0.12566371 0.39236067 0.12566371 0.39219719
 0.12252211 0.38830864 0.11938052 0.38615674 0.11938052 0.38211414
 0.11623893 0.37940848 0.12252211 0.39050066 0.12252211 0.38806921
 0.12252211 0.38688759 0.12566371 0.39369308 0.11938052 0.38965783
 0.11309734 0.38236685 0.11309734 0.38015026 0.12566371 0.37249403
 0.11309734 0.3667246  0.13823008 0.37623805 0.16022123 0.39728637]","[-1 -1  1  1 -1 -1  1 -1  1 -1  1  1 -1  1  1 -1 -1 -1 -1 -1  1  1 -1 -1
 -1  1]"
5169474907908326962,18,27,gaussian,18d_27n_gaussiandist_5169474907908326962seed_16,142.3758729,155.0442376,0.9182919349,"[0.12252211 0.38740348 0.12252211 0.38423471 0.12252211 0.38521053
 0.12252211 0.38306179 0.11623893 0.38574834 0.11623893 0.3886579
 0.11938052 0.38971457 0.11309734 0.38842286 0.11938052 0.37692081
 0.12252211 0.37441266 0.11938052 0.37532697 0.12566371 0.3820582
 0.13823008 0.38350331 0.1288053  0.38201638 0.14137167 0.37979253
 0.14137167 0.37746989 0.14451326 0.36346417 0.14451326 0.36610939
 0.13823008 0.35320042]","[-1 -1 -1  1 -1  1 -1  1 -1 -1 -1  1 -1 -1  1  1 -1 -1  1 -1  1  1  1 -1
  1  1 -1]"
3100835006228152791,18,28,gaussian,18d_28n_gaussiandist_3100835006228152791seed_0,161.3499281,178.7761167,0.9025250746,"[0.12566371 0.3959589  0.1288053  0.39797007 0.1288053  0.39880907
 0.12566371 0.39496512 0.11938052 0.39305587 0.11938052 0.3872538
 0.11623893 0.39121286 0.11938052 0.39460606 0.11309734 0.39269827
 0.10681415 0.38480191 0.10995574 0.38096929 0.09110619 0.37576715
 0.11309734 0.3725529  0.10681415 0.37416966 0.10053096 0.36521402
 0.12252211 0.3780068  0.15393804 0.40286071 0.15393804 0.40133241
 0.16022123 0.3984792  0.15707963 0.37557587]","[-1  1 -1 -1  1  1  1 -1 -1 -1 -1 -1  1  1 -1 -1 -1 -1  1 -1 -1 -1  1  1
  1 -1  1 -1]"
396602703754386867,18,28,gaussian,18d_28n_gaussiandist_396602703754386867seed_19,138.6681753,146.2233075,0.9483315462,"[0.12252211 0.3750584  0.12566371 0.3774606  0.12566371 0.37448202
 0.1288053  0.37713973 0.12566371 0.37666437 0.12566371 0.37492141
 0.11623893 0.36924017 0.11623893 0.37271795 0.10995574 0.36373743
 0.10367256 0.35766037 0.10367256 0.3581062  0.10681415 0.3702042
 0.10681415 0.38176687 0.10681415 0.36660526 0.11623893 0.37419442
 0.1288053  0.39328009 0.13823008 0.37624271 0.13823008 0.36716542
 0.15079645 0.35970691 0.20106193 0.3520746 ]","[-1 -1  1  1  1  1  1  1 -1 -1  1  1  1 -1 -1  1 -1 -1 -1 -1  1  1 -1 -1
 -1  1 -1 -1]"
2239451915826172900,21,28,gaussian,21d_28n_gaussiandist_2239451915826172900seed_8,166.871727,189.2055934,0.8819597985,"[0.10995574 0.39704901 0.11309734 0.40132161 0.10995574 0.39782279
 0.10681415 0.39391205 0.10367256 0.38888415 0.10053096 0.38601878
 0.10053096 0.38364947 0.09738937 0.37974553 0.09424778 0.38868733
 0.09424778 0.38163188 0.08168141 0.37567789 0.09110619 0.38043304
 0.10053096 0.37386278 0.10681415 0.38063999 0.11309734 0.38491438
 0.09738937 0.36359723 0.11309734 0.36902492 0.11309734 0.36634588
 0.14137167 0.38825361 0.12252211 0.3558989 ]","[-1  1  1 -1  1  1  1 -1  1 -1  1 -1  1  1 -1  1 -1  1 -1 -1  1 -1 -1 -1
  1 -1 -1 -1]"
4606573041417455492,21,28,gaussian,21d_28n_gaussiandist_4606573041417455492seed_20,163.3237848,172.0854772,0.9490852305,"[0.10995574 0.38455942 0.11309734 0.38211693 0.11623893 0.38672792
 0.10995574 0.38769923 0.10995574 0.38671289 0.10995574 0.39069325
 0.10681415 0.38860061 0.10053096 0.38607597 0.09738937 0.37538735
 0.09110619 0.37395227 0.09110619 0.36814552 0.10681415 0.38289408
 0.10681415 0.368938   0.09424778 0.36622953 0.10681415 0.37834021
 0.09738937 0.37175491 0.10681415 0.36713597 0.11938052 0.37336037
 0.11623893 0.3507053  0.14451326 0.35388299]","[-1 -1 -1 -1 -1  1 -1  1  1  1 -1 -1 -1 -1  1 -1  1 -1  1  1  1 -1 -1 -1
 -1  1  1  1]"
6946504665580570340,21,30,gaussian,21d_30n_gaussiandist_6946504665580570340seed_0,173.5990666,190.5199864,0.9111855922,"[0.11309734 0.39861538 0.10995574 0.39691872 0.11309734 0.39599649
 0.10995574 0.39730778 0.10681415 0.39562141 0.10995574 0.39553501
 0.10681415 0.39127723 0.10367256 0.38599784 0.09738937 0.38273826
 0.09110619 0.38226446 0.10053096 0.3727009  0.10367256 0.37224223
 0.10367256 0.37608705 0.09738937 0.36895549 0.10367256 0.37082818
 0.10995574 0.36543624 0.11309734 0.36911557 0.11309734 0.36195529
 0.12252211 0.35113177 0.14765485 0.36136452 0.14137167 0.35687093
 0.15707963 0.37443819]","[-1 -1 -1  1 -1  1 -1  1 -1  1 -1 -1 -1  1  1 -1 -1  1  1 -1  1  1 -1  1
  1 -1  1 -1 -1 -1]"
6058202904052730906,21,30,gaussian,21d_30n_gaussiandist_6058202904052730906seed_2,170.550034,190.940608,0.8932098614,"[0.11309734 0.39969543 0.10995574 0.39761697 0.10681415 0.39614797
 0.10681415 0.39452833 0.10681415 0.39102448 0.10681415 0.39043124
 0.10367256 0.38722151 0.09738937 0.38433988 0.09424778 0.37822743
 0.09110619 0.37734907 0.084823   0.36952004 0.08796459 0.37100297
 0.08168141 0.36895649 0.08168141 0.37287209 0.09110619 0.38631178
 0.08796459 0.38101486 0.084823   0.3684545  0.084823   0.36503472
 0.11623893 0.36106542 0.12252211 0.36935382 0.12252211 0.37276297
 0.11623893 0.34837291]","[-1  1  1 -1 -1 -1 -1 -1 -1 -1 -1 -1  1 -1 -1  1  1 -1 -1 -1  1  1 -1 -1
 -1  1  1  1 -1  1]"
1962234306254429437,21,30,gaussian,21d_30n_gaussiandist_1962234306254429437seed_6,175.5859243,199.2680097,0.8811546047,"[0.11309734 0.40761349 0.10995574 0.40438337 0.10367256 0.39980542
 0.10053096 0.40051768 0.10053096 0.39574894 0.10367256 0.40032783
 0.10995574 0.39243033 0.10367256 0.38633676 0.11309734 0.39369472
 0.10995574 0.39382674 0.10367256 0.3869981  0.09738937 0.37558977
 0.09424778 0.37378988 0.09110619 0.37209489 0.09110619 0.3506181
 0.08796459 0.34929488 0.10053096 0.35690587 0.10681415 0.35435108
 0.13508848 0.35922405 0.1288053  0.35501329 0.12252211 0.34602133
 0.15393804 0.36244965]","[-1  1 -1 -1 -1  1 -1 -1 -1  1  1  1  1 -1  1 -1 -1  1  1 -1  1 -1 -1  1
 -1 -1  1  1 -1  1]"
5604201378344034449,21,30,gaussian,21d_30n_gaussiandist_5604201378344034449seed_10,178.3078794,204.8576148,0.8703990795,"[0.11309734 0.40754425 0.10995574 0.4082249  0.10995574 0.40960173
 0.10681415 0.40561442 0.10681415 0.39397621 0.10681415 0.39219084
 0.10053096 0.3867169  0.09738937 0.38406417 0.09738937 0.38553267
 0.09110619 0.37452667 0.10367256 0.37613964 0.09738937 0.37526453
 0.09110619 0.37069371 0.09110619 0.35963596 0.09738937 0.36980214
 0.10367256 0.37183251 0.09738937 0.34797483 0.09424778 0.33476708
 0.14765485 0.40299736 0.14137167 0.37609367 0.14451326 0.37808714
 0.13823008 0.37717176]","[-1 -1 -1  1  1  1  1 -1 -1 -1 -1 -1 -1  1 -1  1  1  1  1 -1 -1 -1  1 -1
  1 -1 -1  1  1  1]"
2752518787130107622,21,30,gaussian,21d_30n_gaussiandist_2752518787130107622seed_16,160.018146,183.8113583,0.8705563547,"[0.11309734 0.38514318 0.10995574 0.38671149 0.10995574 0.3840879
 0.11623893 0.38627197 0.11623893 0.38835084 0.11309734 0.38766992
 0.10681415 0.38185743 0.10367256 0.37255316 0.10367256 0.37085849
 0.09738937 0.36463427 0.10367256 0.37523985 0.10053096 0.37623822
 0.11623893 0.37829386 0.11309734 0.37382869 0.10995574 0.37002103
 0.10995574 0.36074522 0.09738937 0.34838091 0.10053096 0.33698785
 0.09738937 0.32447616 0.09424778 0.32329905 0.084823   0.32182553
 0.10367256 0.33164751]","[-1  1  1 -1 -1 -1  1  1 -1  1 -1 -1  1 -1  1 -1 -1  1  1  1  1 -1  1 -1
 -1 -1 -1 -1 -1 -1]"
1614633543923964152,22,24,gaussian,22d_24n_gaussiandist_1614633543923964152seed_20,141.4208881,155.2629981,0.9108473352,"[0.10681415 0.38577238 0.10681415 0.38304384 0.10681415 0.38114386
 0.10367256 0.38427968 0.10053096 0.37976362 0.09738937 0.37399756
 0.10367256 0.38083311 0.09738937 0.37431573 0.10053096 0.36893393
 0.09738937 0.36618223 0.09738937 0.3696918  0.10367256 0.37749702
 0.10681415 0.37230629 0.11309734 0.3701927  0.10681415 0.34778535
 0.13194689 0.35932524]",[-1 -1 -1  1 -1  1  1  1  1 -1  1 -1 -1 -1  1 -1 -1 -1 -1 -1 -1 -1  1  1]
1019330966320283897,22,25,gaussian,22d_25n_gaussiandist_1019330966320283897seed_13,143.0226646,156.2623273,0.9152728434,"[0.10681415 0.39429503 0.10995574 0.39418247 0.10995574 0.40031121
 0.10995574 0.39933799 0.10681415 0.39890107 0.10367256 0.39439239
 0.10367256 0.3918855  0.09424778 0.38682626 0.10995574 0.39731632
 0.10681415 0.38028052 0.10053096 0.37868364 0.10053096 0.36262935
 0.10995574 0.35959217 0.11309734 0.34750333 0.11623893 0.35071888
 0.10367256 0.34460429 0.14765485 0.3641321 ]","[-1  1  1  1 -1 -1 -1 -1  1  1 -1  1  1 -1  1  1 -1  1 -1 -1  1 -1  1  1
 -1]"
5968719259789785263,22,26,gaussian,22d_26n_gaussiandist_5968719259789785263seed_5,142.4347613,155.1434245,0.9180844228,"[0.10681415 0.38792726 0.10367256 0.38395325 0.10367256 0.3841332
 0.10995574 0.38870455 0.10995574 0.39490801 0.10681415 0.38768703
 0.10681415 0.38328094 0.10681415 0.38249605 0.09738937 0.38036796
 0.11309734 0.38404701 0.10995574 0.37418597 0.11623893 0.37728126
 0.11938052 0.36908187 0.11938052 0.37241489 0.10681415 0.35833068
 0.11623893 0.37160453 0.13823008 0.37196027 0.14765485 0.39436812]","[-1  1  1 -1 -1 -1 -1 -1 -1  1 -1  1 -1 -1 -1 -1 -1  1  1 -1  1 -1 -1  1
  1 -1]"
6583456247592166851,22,27,gaussian,22d_27n_gaussiandist_6583456247592166851seed_7,156.3537869,166.0719247,0.9414823557,"[0.10995574 0.39047599 0.10995574 0.38696798 0.10995574 0.38466377
 0.10995574 0.38669566 0.10681415 0.38918889 0.10053096 0.38872428
 0.10053096 0.38363243 0.10053096 0.3745347  0.10681415 0.3752612
 0.10367256 0.37533817 0.09738937 0.36858883 0.084823   0.35604524
 0.10053096 0.36562528 0.09738937 0.35336833 0.10367256 0.34810184
 0.12252211 0.36883733 0.12252211 0.3652454  0.11623893 0.35679706
 0.13823008 0.38115534]","[-1  1  1 -1 -1 -1  1  1  1  1 -1  1  1  1  1 -1 -1  1  1 -1 -1  1 -1  1
 -1 -1 -1]"
5421349736222385006,22,30,gaussian,22d_30n_gaussiandist_5421349736222385006seed_14,173.6145357,183.2148461,0.947600805,"[0.10995574 0.38406612 0.11309734 0.3886394  0.11309734 0.38739872
 0.11309734 0.38172645 0.10995574 0.38042733 0.10995574 0.37594035
 0.10681415 0.3681986  0.10681415 0.37136199 0.10995574 0.37836617
 0.10367256 0.37516733 0.10681415 0.36888408 0.10681415 0.36612593
 0.10681415 0.36545161 0.09738937 0.35289848 0.09110619 0.34711444
 0.10995574 0.37582019 0.10995574 0.37143053 0.11938052 0.3962053
 0.11309734 0.37777681 0.10367256 0.38301847 0.10367256 0.3536199
 0.11623893 0.3637769 ]","[-1  1  1  1 -1  1  1 -1 -1 -1  1  1 -1 -1  1 -1  1  1  1 -1  1 -1  1 -1
 -1 -1 -1 -1 -1 -1]"
6032918723235178528,22,30,gaussian,22d_30n_gaussiandist_6032918723235178528seed_16,188.3092956,199.6188515,0.9433442493,"[0.10681415 0.39270693 0.10681415 0.39141552 0.10681415 0.38734806
 0.10367256 0.38425274 0.09424778 0.38220213 0.10053096 0.378703
 0.09738937 0.38099692 0.084823   0.37506273 0.10681415 0.39012795
 0.10681415 0.38816721 0.10681415 0.3845424  0.10681415 0.37965947
 0.11938052 0.3876192  0.11623893 0.39345078 0.11623893 0.37442469
 0.10053096 0.35527082 0.13823008 0.39337624 0.13508848 0.39749949
 0.11938052 0.38321507 0.14451326 0.38271216 0.14451326 0.37824885
 0.14451326 0.3666189 ]","[-1 -1  1  1 -1 -1  1 -1 -1  1 -1  1 -1  1  1 -1 -1  1 -1 -1  1  1  1  1
 -1 -1  1  1 -1  1]"
7745893859029431372,23,24,gaussian,23d_24n_gaussiandist_7745893859029431372seed_1,150.9011228,159.0371373,0.9488420465,"[0.10681415 0.40347628 0.10367256 0.39746951 0.10367256 0.39500146
 0.10053096 0.38998715 0.10367256 0.38944449 0.10053096 0.38937025
 0.10053096 0.3882073  0.09424778 0.38728983 0.09738937 0.39673578
 0.10367256 0.39373854 0.09738937 0.38922221 0.09424778 0.38326882
 0.08168141 0.36537272 0.11623893 0.39694093 0.10053096 0.38551452
 0.09738937 0.37926092]",[-1  1 -1 -1  1  1  1  1 -1 -1  1  1 -1 -1 -1 -1 -1 -1 -1 -1 -1 -1 -1  1]
7405347590040809477,23,24,gaussian,23d_24n_gaussiandist_7405347590040809477seed_5,150.9011228,159.0371373,0.9488420465,"[0.10681415 0.40347628 0.10367256 0.39746951 0.10367256 0.39500146
 0.10053096 0.38998715 0.10367256 0.38944449 0.10053096 0.38937025
 0.10053096 0.3882073  0.09424778 0.38728983 0.09738937 0.39673578
 0.10367256 0.39373854 0.09738937 0.38922221 0.09424778 0.38326882
 0.08168141 0.36537272 0.11623893 0.39694093 0.10053096 0.38551452
 0.09738937 0.37926092]",[-1  1 -1 -1  1  1  1  1 -1 -1  1  1 -1 -1 -1 -1 -1 -1 -1 -1 -1 -1 -1  1]
960343107739963275,23,24,gaussian,23d_24n_gaussiandist_960343107739963275seed_8,140.1095502,168.8011135,0.8300274052,"[0.10681415 0.40470464 0.10367256 0.39984962 0.10681415 0.40391681
 0.10367256 0.40089295 0.10053096 0.40191856 0.09738937 0.39593913
 0.09110619 0.38581715 0.08796459 0.37670691 0.10367256 0.38197853
 0.09738937 0.37797259 0.09424778 0.37642555 0.084823   0.36805924
 0.09110619 0.37682196 0.084823   0.34492086 0.1288053  0.36730119
 0.12252211 0.36596706]",[-1  1 -1 -1  1 -1  1 -1 -1  1  1 -1  1 -1 -1  1  1  1 -1  1 -1 -1 -1  1]
5091700399900898515,23,24,gaussian,23d_24n_gaussiandist_5091700399900898515seed_9,140.1095502,168.8011135,0.8300274052,"[0.10681415 0.40470464 0.10367256 0.39984962 0.10681415 0.40391681
 0.10367256 0.40089295 0.10053096 0.40191856 0.09738937 0.39593913
 0.09110619 0.38581715 0.08796459 0.37670691 0.10367256 0.38197853
 0.09738937 0.37797259 0.09424778 0.37642555 0.084823   0.36805924
 0.09110619 0.37682196 0.084823   0.34492086 0.1288053  0.36730119
 0.12252211 0.36596706]",[-1  1 -1 -1  1 -1  1 -1 -1  1  1 -1  1 -1 -1  1  1  1 -1  1 -1 -1 -1  1]
1665049797693980199,23,24,gaussian,23d_24n_gaussiandist_1665049797693980199seed_16,150.9011228,159.0371373,0.9488420465,"[0.10681415 0.40347628 0.10367256 0.39746951 0.10367256 0.39500146
 0.10053096 0.38998715 0.10367256 0.38944449 0.10053096 0.38937025
 0.10053096 0.3882073  0.09424778 0.38728983 0.09738937 0.39673578
 0.10367256 0.39373854 0.09738937 0.38922221 0.09424778 0.38326882
 0.08168141 0.36537272 0.11623893 0.39694093 0.10053096 0.38551452
 0.09738937 0.37926092]",[-1  1 -1 -1  1  1  1  1 -1 -1  1  1 -1 -1 -1 -1 -1 -1 -1 -1 -1 -1 -1  1]
5521709121142261920,23,24,gaussian,23d_24n_gaussiandist_5521709121142261920seed_20,140.1095502,168.8011135,0.8300274052,"[0.10681415 0.40470464 0.10367256 0.39984962 0.10681415 0.40391681
 0.10367256 0.40089295 0.10053096 0.40191856 0.09738937 0.39593913
 0.09110619 0.38581715 0.08796459 0.37670691 0.10367256 0.38197853
 0.09738937 0.37797259 0.09424778 0.37642555 0.084823   0.36805924
 0.09110619 0.37682196 0.084823   0.34492086 0.1288053  0.36730119
 0.12252211 0.36596706]",[-1  1 -1 -1  1 -1  1 -1 -1  1  1 -1  1 -1 -1  1  1  1 -1  1 -1 -1 -1  1]