,Graph_Name,Best_RQAOA,Approx_Ratio,Gurobi_Energy,Energy_GAP
1,4d_23n_bimodaldist_4191871221174143187seed_4,60.0,0.8823529411764706,68.0,0.0
2,4d_23n_bimodaldist_2538931857123272327seed_6,52.0,0.8666666666666667,60.0,0.0
3,4d_25n_bimodaldist_7964651612419841573seed_13,64.0,0.8888888888888888,72.0,0.0
4,4d_30n_bimodaldist_1841981875547751952seed_4,76.0,0.9047619047619048,84.0,0.0
5,5d_16n_bimodaldist_4577287522392836180seed_4,44.0,0.9166666666666666,48.0,0.0
6,5d_18n_bimodaldist_2230886858528126964seed_2,50.0,0.925925925925926,54.0,0.0
7,5d_20n_bimodaldist_981011078962833828seed_16,48.0,0.9230769230769232,52.0,0.0
8,5d_22n_bimodaldist_3500995821591368981seed_24,62.0,0.8857142857142857,70.0,0.0
9,6d_19n_bimodaldist_417096244730883644seed_3,50.0,0.8620689655172413,58.0,0.0
10,6d_19n_bimodaldist_1784663752801374766seed_12,50.0,0.8620689655172413,58.0,0.0
11,6d_19n_bimodaldist_2648680152944574979seed_15,58.0,0.8787878787878788,66.0,0.0
12,6d_20n_bimodaldist_4203085245124759615seed_21,60.0,0.8823529411764706,68.0,0.0
13,6d_22n_bimodaldist_6668777687774168474seed_22,68.0,0.8947368421052632,76.0,0.0
14,6d_23n_bimodaldist_4413923178184023544seed_4,70.0,0.8974358974358975,78.0,0.0
15,6d_23n_bimodaldist_4681985199847739548seed_15,70.0,0.8974358974358975,78.0,0.0
16,6d_24n_bimodaldist_2925597325130385078seed_13,60.0,0.8823529411764706,68.0,0.0
17,6d_25n_bimodaldist_3961153518517405069seed_3,74.0,0.902439024390244,82.0,0.0
18,6d_25n_bimodaldist_7946988223762030283seed_23,82.0,0.9111111111111112,90.0,0.0
19,6d_27n_bimodaldist_3471318070396236478seed_13,86.0,0.9148936170212766,94.0,0.0
20,6d_27n_bimodaldist_5786957971017051105seed_15,86.0,0.9148936170212766,94.0,0.0
21,6d_27n_bimodaldist_4747457784211235046seed_16,78.0,0.8297872340425532,94.0,0.0
22,6d_27n_bimodaldist_2674578089008301613seed_17,86.0,0.9148936170212766,94.0,0.0
23,6d_28n_bimodaldist_3848564542923128500seed_1,88.0,0.9166666666666666,96.0,0.0
24,6d_28n_bimodaldist_2651218070241560028seed_12,80.0,0.9090909090909092,88.0,0.0
25,6d_28n_bimodaldist_8447650678545255303seed_20,88.0,0.9166666666666666,96.0,0.0
26,6d_28n_bimodaldist_2189759388924870360seed_23,88.0,0.9166666666666666,96.0,0.0
27,6d_29n_bimodaldist_6985491077355128145seed_2,94.0,0.9215686274509804,102.0,0.0
28,6d_29n_bimodaldist_1859237610696095821seed_3,86.0,0.9148936170212766,94.0,0.0
29,6d_29n_bimodaldist_2360371841136800031seed_4,86.0,0.9148936170212766,94.0,0.0
30,6d_29n_bimodaldist_4663888460965465641seed_9,86.0,0.9148936170212766,94.0,0.0
31,6d_29n_bimodaldist_3042451570429922730seed_18,94.0,0.9215686274509804,102.0,0.0
32,6d_30n_bimodaldist_6970353324674041400seed_5,96.0,0.9230769230769232,104.0,0.0
33,6d_30n_bimodaldist_1365996949158317799seed_7,88.0,0.9166666666666666,96.0,0.0
34,6d_30n_bimodaldist_7081038333954355292seed_21,88.0,0.9166666666666666,96.0,0.0
35,7d_14n_bimodaldist_1086365658899163607seed_7,46.0,0.92,50.0,0.0
36,7d_16n_bimodaldist_680617169823468287seed_7,52.0,0.9285714285714286,56.0,0.0
37,7d_18n_bimodaldist_7959802691053741147seed_0,54.0,0.8709677419354839,62.0,0.0
38,7d_18n_bimodaldist_7350001059199002960seed_11,58.0,0.935483870967742,62.0,0.0
39,7d_20n_bimodaldist_5788465553758715002seed_5,64.0,0.9411764705882352,68.0,0.0
40,7d_20n_bimodaldist_5802523286129892831seed_7,64.0,0.9411764705882352,68.0,0.0
41,7d_20n_bimodaldist_2710191715491200793seed_10,64.0,0.9411764705882352,68.0,0.0
42,7d_20n_bimodaldist_2312532964605339276seed_18,60.0,0.9375,64.0,0.0
43,7d_22n_bimodaldist_1810036372712568055seed_3,70.0,0.945945945945946,74.0,0.0
44,7d_22n_bimodaldist_959665899873676697seed_17,70.0,0.945945945945946,74.0,0.0
45,7d_22n_bimodaldist_3917556824294679076seed_18,70.0,0.8536585365853658,82.0,0.0
46,7d_24n_bimodaldist_7910327935918853742seed_3,80.0,0.9090909090909092,88.0,0.0
47,7d_26n_bimodaldist_3875527857485364175seed_18,82.0,0.8723404255319149,94.0,0.0
48,7d_28n_bimodaldist_5434373299817393002seed_14,96.0,0.8888888888888888,108.0,0.0
49,7d_30n_bimodaldist_3000327789004036666seed_17,102.0,0.9272727272727272,110.0,0.0
50,7d_30n_bimodaldist_6142067774987402282seed_24,102.0,0.9272727272727272,110.0,0.0
51,8d_14n_bimodaldist_6121619833208740511seed_17,40.0,0.7142857142857143,56.0,0.0
52,8d_16n_bimodaldist_3063741526596240161seed_2,52.0,0.8666666666666667,60.0,0.0
53,8d_16n_bimodaldist_4782804454305851121seed_13,52.0,0.8666666666666667,60.0,0.0
54,8d_16n_bimodaldist_8561695926242541130seed_23,52.0,0.8666666666666667,60.0,0.0
55,8d_19n_bimodaldist_3396999625997538594seed_0,68.0,0.8947368421052632,76.0,0.0
56,8d_19n_bimodaldist_3642588848864972314seed_10,60.0,0.8823529411764706,68.0,0.0
57,8d_19n_bimodaldist_193195712871082820seed_14,68.0,0.8947368421052632,76.0,0.0
58,8d_20n_bimodaldist_4252303837197157994seed_1,64.0,0.8888888888888888,72.0,0.0
59,8d_20n_bimodaldist_7766321239122150242seed_18,72.0,0.9,80.0,0.0
60,8d_20n_bimodaldist_1924968977696664901seed_23,72.0,0.9,80.0,0.0
61,8d_21n_bimodaldist_5202941992117340676seed_18,80.0,0.9090909090909092,88.0,0.0
62,8d_22n_bimodaldist_5023013954278197196seed_5,84.0,0.9130434782608696,92.0,0.0
63,8d_22n_bimodaldist_8469175638289390742seed_7,76.0,0.9047619047619048,84.0,0.0
64,8d_22n_bimodaldist_8977480690229455923seed_21,84.0,0.9130434782608696,92.0,0.0
65,8d_22n_bimodaldist_107564166721857945seed_22,76.0,0.9047619047619048,84.0,0.0
66,8d_23n_bimodaldist_4233682708048620876seed_12,84.0,0.9130434782608696,92.0,0.0
67,8d_23n_bimodaldist_6584155405453957515seed_24,84.0,0.9130434782608696,92.0,0.0
68,8d_24n_bimodaldist_8579579474746919700seed_5,84.0,0.84,100.0,0.0
69,8d_24n_bimodaldist_4872545337328464385seed_13,84.0,0.9130434782608696,92.0,0.0
70,8d_25n_bimodaldist_2505154353386404090seed_7,88.0,0.9166666666666666,96.0,0.0
71,8d_25n_bimodaldist_6006984878232754506seed_8,96.0,0.9230769230769232,104.0,0.0
72,8d_25n_bimodaldist_3036044009967186167seed_13,88.0,0.9166666666666666,96.0,0.0
73,8d_25n_bimodaldist_8015572013639215552seed_16,80.0,0.9090909090909092,88.0,0.0
74,8d_26n_bimodaldist_354957904989240253seed_3,92.0,0.8518518518518519,108.0,0.0
75,8d_26n_bimodaldist_7434512001195053106seed_9,92.0,0.92,100.0,0.0
76,8d_26n_bimodaldist_3382613324172352199seed_12,92.0,0.92,100.0,0.0
77,8d_26n_bimodaldist_6829596988724895292seed_13,100.0,0.925925925925926,108.0,0.0
78,8d_26n_bimodaldist_3040342893898460802seed_23,92.0,0.92,100.0,0.0
79,8d_26n_bimodaldist_2573949652243444131seed_24,100.0,0.925925925925926,108.0,0.0
80,8d_27n_bimodaldist_1006582144917375909seed_3,100.0,0.925925925925926,108.0,0.0
81,8d_27n_bimodaldist_5383632878623994333seed_6,92.0,0.92,100.0,0.0
82,8d_27n_bimodaldist_6884504801837919660seed_11,108.0,0.8709677419354839,124.0,0.0
83,8d_27n_bimodaldist_4305231380630737110seed_21,100.0,0.8620689655172413,116.0,0.0
84,8d_27n_bimodaldist_5911410237390193276seed_22,100.0,0.925925925925926,108.0,0.0
85,8d_28n_bimodaldist_4836672375174606656seed_8,100.0,0.925925925925926,108.0,0.0
86,24d_27n_bimodaldist_4386570832421977760seed_14,152.0,0.8260869565217391,184.0,0.0
87,24d_27n_bimodaldist_1453984986562532430seed_15,160.0,0.9090909090909092,176.0,0.0
88,24d_27n_bimodaldist_8925779657540980769seed_16,168.0,0.875,192.0,0.0
89,24d_27n_bimodaldist_5265888400319552857seed_23,160.0,0.9090909090909092,176.0,0.0
90,24d_28n_bimodaldist_6149784823713127742seed_1,180.0,0.8181818181818182,220.0,0.0
91,24d_28n_bimodaldist_8883739981122894314seed_2,164.0,0.9111111111111112,180.0,0.0
92,24d_28n_bimodaldist_731277224379137840seed_3,164.0,0.8723404255319149,188.0,0.0
93,24d_28n_bimodaldist_7162145476752635028seed_18,172.0,0.9148936170212766,188.0,0.0
94,24d_28n_bimodaldist_5692875333335217020seed_20,164.0,0.9111111111111112,180.0,0.0
95,24d_30n_bimodaldist_3754417105855463945seed_4,168.0,0.875,192.0,0.0
96,24d_30n_bimodaldist_1026191978233709790seed_7,168.0,0.875,192.0,0.0
97,24d_30n_bimodaldist_1127259818468492248seed_14,184.0,0.92,200.0,0.0
98,8d_29n_bimodaldist_6972344097916187603seed_1,104.0,0.8666666666666667,120.0,0.0
99,8d_29n_bimodaldist_6689322844440994741seed_10,104.0,0.9285714285714286,112.0,0.0
100,8d_29n_bimodaldist_6490708145126421084seed_11,96.0,0.9230769230769232,104.0,0.0
101,8d_29n_bimodaldist_4932610047080097322seed_15,104.0,0.9285714285714286,112.0,0.0
102,8d_29n_bimodaldist_8851450777917631803seed_17,104.0,0.9285714285714286,112.0,0.0
103,8d_30n_bimodaldist_4306601283599508479seed_4,120.0,0.9375,128.0,0.0
104,8d_30n_bimodaldist_7292769045899891582seed_6,112.0,0.9333333333333332,120.0,0.0
105,8d_30n_bimodaldist_535020197384036399seed_8,120.0,0.9375,128.0,0.0
106,8d_30n_bimodaldist_6380413532051967761seed_17,104.0,0.9285714285714286,112.0,0.0
107,8d_30n_bimodaldist_1377214110592345727seed_18,104.0,0.8666666666666667,120.0,0.0
108,9d_14n_bimodaldist_6521568326543502506seed_0,54.0,0.8709677419354839,62.0,0.0
109,9d_16n_bimodaldist_8470790783783088098seed_2,60.0,0.9375,64.0,0.0
110,9d_16n_bimodaldist_831882350270401961seed_4,52.0,0.8666666666666667,60.0,0.0
111,9d_16n_bimodaldist_4113934620629225543seed_23,60.0,0.9375,64.0,0.0
112,9d_18n_bimodaldist_8750444896477729380seed_0,70.0,0.8536585365853658,82.0,0.0
113,9d_18n_bimodaldist_5341067785860178365seed_9,62.0,0.9393939393939394,66.0,0.0
114,9d_18n_bimodaldist_1643117077511442845seed_14,58.0,0.935483870967742,62.0,0.0
115,9d_20n_bimodaldist_5824681362550537519seed_0,68.0,0.8947368421052632,76.0,0.0
116,9d_20n_bimodaldist_8835036010101442837seed_1,76.0,0.8260869565217391,92.0,0.0
117,9d_22n_bimodaldist_2379052214922730018seed_17,82.0,0.9111111111111112,90.0,0.0
118,9d_22n_bimodaldist_1769496439789802589seed_24,90.0,0.9183673469387756,98.0,0.0
119,9d_24n_bimodaldist_5824269399392532589seed_4,88.0,0.9166666666666666,96.0,0.0
120,9d_24n_bimodaldist_8160325110102590442seed_9,100.0,0.8928571428571429,112.0,0.0
121,9d_24n_bimodaldist_8158609606486209290seed_24,84.0,0.9130434782608696,92.0,0.0
122,9d_26n_bimodaldist_5556110232408549283seed_9,106.0,0.9298245614035088,114.0,0.0
123,9d_26n_bimodaldist_2997780423275381963seed_17,90.0,0.8823529411764706,102.0,0.0
124,9d_30n_bimodaldist_3683373902287558735seed_7,122.0,0.9384615384615383,130.0,0.0
125,9d_30n_bimodaldist_3263913806296392523seed_12,130.0,0.9154929577464788,142.0,0.0
126,10d_15n_bimodaldist_7125427367951956543seed_2,50.0,0.8620689655172413,58.0,0.0
127,10d_16n_bimodaldist_6964234613888081945seed_16,64.0,0.8888888888888888,72.0,0.0
128,10d_18n_bimodaldist_8759365483353870065seed_9,64.0,0.8888888888888888,72.0,0.0
129,10d_18n_bimodaldist_2155953475061289542seed_14,72.0,0.9,80.0,0.0
130,10d_18n_bimodaldist_5454638415445258094seed_21,64.0,0.8888888888888888,72.0,0.0
131,10d_19n_bimodaldist_3632556965917915492seed_10,66.0,0.8918918918918919,74.0,0.0
132,10d_19n_bimodaldist_7977166128844221789seed_12,74.0,0.902439024390244,82.0,0.0
133,10d_19n_bimodaldist_4093919364571110076seed_15,74.0,0.902439024390244,82.0,0.0
134,10d_20n_bimodaldist_2219882849101667683seed_6,80.0,0.9090909090909092,88.0,0.0
135,10d_20n_bimodaldist_9085833588365934378seed_10,88.0,0.9166666666666666,96.0,0.0
136,10d_20n_bimodaldist_7656841331708275638seed_17,80.0,0.9090909090909092,88.0,0.0
137,10d_21n_bimodaldist_2987662404595957659seed_15,86.0,0.9148936170212766,94.0,0.0
138,10d_22n_bimodaldist_6661885944391706806seed_0,92.0,0.92,100.0,0.0
139,10d_22n_bimodaldist_2271513492777920847seed_9,84.0,0.9130434782608696,92.0,0.0
140,10d_22n_bimodaldist_4013095434919439905seed_17,92.0,0.92,100.0,0.0
141,10d_22n_bimodaldist_4919619222473539629seed_22,84.0,0.9130434782608696,92.0,0.0
142,10d_23n_bimodaldist_8437774216777058203seed_1,86.0,0.9148936170212766,94.0,0.0
143,10d_23n_bimodaldist_256415298328483054seed_21,94.0,0.9215686274509804,102.0,0.0
144,10d_24n_bimodaldist_5358593758117970881seed_8,96.0,0.9230769230769232,104.0,0.0
145,10d_24n_bimodaldist_7893358281792037986seed_10,96.0,0.9230769230769232,104.0,0.0
146,10d_24n_bimodaldist_1212413602533105221seed_17,96.0,0.9230769230769232,104.0,0.0
147,10d_24n_bimodaldist_6302236869428942796seed_20,88.0,0.9166666666666666,96.0,0.0
148,10d_25n_bimodaldist_8303385580249966797seed_4,102.0,0.9272727272727272,110.0,0.0
149,10d_25n_bimodaldist_1636457254785092961seed_7,94.0,0.9215686274509804,102.0,0.0
150,10d_25n_bimodaldist_4471025257810765772seed_21,102.0,0.9272727272727272,110.0,0.0
151,10d_25n_bimodaldist_3744607946476185794seed_22,102.0,0.9272727272727272,110.0,0.0
152,10d_26n_bimodaldist_3282588415542008011seed_1,100.0,0.925925925925926,108.0,0.0
153,10d_26n_bimodaldist_2179812883085779410seed_9,100.0,0.925925925925926,108.0,0.0
154,10d_26n_bimodaldist_3108044158740602593seed_12,108.0,0.9310344827586208,116.0,0.0
155,10d_26n_bimodaldist_7829467816517157667seed_14,116.0,0.935483870967742,124.0,0.0
156,10d_26n_bimodaldist_4980911169840555600seed_21,92.0,0.8518518518518519,108.0,0.0
157,10d_26n_bimodaldist_5780770661389163043seed_22,108.0,0.9310344827586208,116.0,0.0
158,10d_27n_bimodaldist_832929956990706899seed_0,110.0,0.9322033898305084,118.0,0.0
159,10d_27n_bimodaldist_8778165311088759308seed_7,110.0,0.9322033898305084,118.0,0.0
160,10d_27n_bimodaldist_9211327269408404599seed_8,102.0,0.9272727272727272,110.0,0.0
161,10d_27n_bimodaldist_9031891603504937177seed_9,102.0,0.8644067796610171,118.0,0.0
162,10d_27n_bimodaldist_5229480379801329742seed_21,110.0,0.9322033898305084,118.0,0.0
163,10d_28n_bimodaldist_4424409512620966896seed_0,124.0,0.9393939393939394,132.0,0.0
164,10d_28n_bimodaldist_3791304719041945069seed_1,124.0,0.9393939393939394,132.0,0.0
165,10d_28n_bimodaldist_2770422310502391118seed_7,108.0,0.9310344827586208,116.0,0.0
166,10d_28n_bimodaldist_6297158004619313895seed_8,108.0,0.9310344827586208,116.0,0.0
167,10d_28n_bimodaldist_5757766799865674721seed_9,108.0,0.8709677419354839,124.0,0.0
168,10d_28n_bimodaldist_8181489728020852155seed_10,124.0,0.9393939393939394,132.0,0.0
169,10d_28n_bimodaldist_7123055676135049807seed_11,108.0,0.9310344827586208,116.0,0.0
170,10d_28n_bimodaldist_7386461899203778068seed_12,108.0,0.9310344827586208,116.0,0.0
171,10d_28n_bimodaldist_1993217340208046770seed_14,116.0,0.935483870967742,124.0,0.0
172,10d_28n_bimodaldist_1634256983814407214seed_15,116.0,0.935483870967742,124.0,0.0
173,10d_28n_bimodaldist_6777645839572435548seed_16,108.0,0.9310344827586208,116.0,0.0
174,10d_28n_bimodaldist_5800626339105302676seed_20,124.0,0.9393939393939394,132.0,0.0
175,10d_28n_bimodaldist_6011118542904140197seed_24,108.0,0.8709677419354839,124.0,0.0
176,10d_29n_bimodaldist_3202193002687408185seed_1,122.0,0.9384615384615383,130.0,0.0
177,10d_29n_bimodaldist_3802268819219619041seed_2,122.0,0.9384615384615383,130.0,0.0
178,10d_29n_bimodaldist_1801215701896564578seed_4,114.0,0.9344262295081968,122.0,0.0
179,10d_29n_bimodaldist_6336226985296256638seed_9,122.0,0.9384615384615383,130.0,0.0
180,10d_29n_bimodaldist_5044316093192548305seed_10,122.0,0.9384615384615383,130.0,0.0
181,10d_29n_bimodaldist_2885245890114352036seed_14,114.0,0.9344262295081968,122.0,0.0
182,10d_29n_bimodaldist_2523861666773535762seed_16,114.0,0.9344262295081968,122.0,0.0
183,10d_29n_bimodaldist_5818820362160234932seed_18,122.0,0.9384615384615383,130.0,0.0
184,10d_29n_bimodaldist_6906151148450237013seed_23,106.0,0.9298245614035088,114.0,0.0
185,10d_30n_bimodaldist_3507523663005318011seed_6,116.0,0.935483870967742,124.0,0.0
186,10d_30n_bimodaldist_6559901617273730688seed_9,124.0,0.9393939393939394,132.0,0.0
187,10d_30n_bimodaldist_4013309717495883800seed_12,132.0,0.9428571428571428,140.0,0.0
188,10d_30n_bimodaldist_1652938608337914749seed_13,124.0,0.9393939393939394,132.0,0.0
189,11d_14n_bimodaldist_6225968230092375680seed_7,54.0,0.9310344827586208,58.0,0.0
190,11d_14n_bimodaldist_6606829306776288557seed_10,58.0,0.935483870967742,62.0,0.0
191,11d_14n_bimodaldist_3122260649489999552seed_14,54.0,0.8709677419354839,62.0,0.0
192,11d_14n_bimodaldist_4839615773321779151seed_19,54.0,0.8181818181818182,66.0,0.0
193,11d_16n_bimodaldist_555829557674073543seed_0,68.0,0.8947368421052632,76.0,0.0
194,11d_16n_bimodaldist_7754741715490238776seed_2,68.0,0.85,80.0,0.0
195,11d_16n_bimodaldist_5095045131151254275seed_16,64.0,0.8888888888888888,72.0,0.0
196,11d_18n_bimodaldist_5427422649340657716seed_2,78.0,0.9069767441860463,86.0,0.0
197,11d_18n_bimodaldist_1478046793588962528seed_13,74.0,0.9487179487179488,78.0,0.0
198,11d_18n_bimodaldist_2498930881461316132seed_20,78.0,0.7959183673469388,98.0,0.0
199,11d_20n_bimodaldist_2091730450721127389seed_3,84.0,0.9130434782608696,92.0,0.0
200,11d_20n_bimodaldist_788886817329739274seed_5,84.0,0.9130434782608696,92.0,0.0
201,11d_22n_bimodaldist_5636576939939599542seed_6,90.0,0.9183673469387756,98.0,0.0
202,11d_22n_bimodaldist_162273991027179322seed_10,86.0,0.9148936170212766,94.0,0.0
203,11d_22n_bimodaldist_6915596787440529115seed_12,98.0,0.8909090909090909,110.0,0.0
204,11d_22n_bimodaldist_336460529514854196seed_18,90.0,0.7894736842105263,114.0,0.0
205,11d_24n_bimodaldist_7270374430817036172seed_1,104.0,0.9285714285714286,112.0,0.0
206,11d_24n_bimodaldist_6674619477871613619seed_6,100.0,0.925925925925926,108.0,0.0
207,11d_24n_bimodaldist_4338897882959898738seed_12,96.0,0.8571428571428571,112.0,0.0
208,11d_26n_bimodaldist_3903579470740718438seed_4,106.0,0.9298245614035088,114.0,0.0
209,11d_26n_bimodaldist_6063208260580695904seed_6,106.0,0.8688524590163934,122.0,0.0
210,11d_26n_bimodaldist_522004098405747027seed_15,110.0,0.9016393442622952,122.0,0.0
211,11d_26n_bimodaldist_8276906156957232253seed_16,118.0,0.9365079365079364,126.0,0.0
212,11d_26n_bimodaldist_8846043813634570763seed_18,114.0,0.9344262295081968,122.0,0.0
213,11d_28n_bimodaldist_6284402285493465849seed_3,128.0,0.9411764705882352,136.0,0.0
214,11d_28n_bimodaldist_26114354751908697seed_21,120.0,0.9375,128.0,0.0
215,11d_30n_bimodaldist_8636752720232468695seed_5,122.0,0.9384615384615383,130.0,0.0
216,11d_30n_bimodaldist_7607728053605616919seed_7,126.0,0.9402985074626866,134.0,0.0
217,11d_30n_bimodaldist_1684278679056243614seed_9,130.0,0.9154929577464788,142.0,0.0
218,11d_30n_bimodaldist_1539225703451564152seed_10,122.0,0.9384615384615383,130.0,0.0
219,11d_30n_bimodaldist_3152611778203598496seed_13,134.0,0.943661971830986,142.0,0.0
220,12d_14n_bimodaldist_2592707687675737745seed_13,64.0,0.8888888888888888,72.0,0.0
221,12d_14n_bimodaldist_3670226058045751880seed_20,56.0,0.875,64.0,0.0
222,12d_15n_bimodaldist_846645314829882407seed_12,56.0,0.875,64.0,0.0
223,12d_16n_bimodaldist_9013783036330694644seed_4,68.0,0.8947368421052632,76.0,0.0
224,12d_16n_bimodaldist_6856812460272639162seed_7,60.0,0.8823529411764706,68.0,0.0
225,12d_16n_bimodaldist_5914401046789363299seed_22,68.0,0.8947368421052632,76.0,0.0
226,12d_16n_bimodaldist_8905249107650350677seed_23,60.0,0.8823529411764706,68.0,0.0
227,12d_17n_bimodaldist_4889708571756106202seed_23,64.0,0.8888888888888888,72.0,0.0
228,12d_18n_bimodaldist_2184924575497157842seed_2,68.0,0.8947368421052632,76.0,0.0
229,12d_18n_bimodaldist_8864954689603046605seed_5,84.0,0.9130434782608696,92.0,0.0
230,12d_18n_bimodaldist_8579053722759392946seed_12,84.0,0.9130434782608696,92.0,0.0
231,12d_19n_bimodaldist_5965440988360912577seed_11,88.0,0.9166666666666666,96.0,0.0
232,12d_19n_bimodaldist_5506380999649904425seed_17,80.0,0.9090909090909092,88.0,0.0
233,12d_19n_bimodaldist_7260807168006259000seed_23,88.0,0.9166666666666666,96.0,0.0
234,12d_20n_bimodaldist_3599220590220214206seed_3,88.0,0.7857142857142857,112.0,0.0
235,12d_20n_bimodaldist_6652304848655220753seed_7,88.0,0.9166666666666666,96.0,0.0
236,12d_20n_bimodaldist_8500342310243170096seed_14,80.0,0.9090909090909092,88.0,0.0
237,12d_20n_bimodaldist_3700995920432690669seed_16,80.0,0.9090909090909092,88.0,0.0
238,12d_20n_bimodaldist_1485185885920121488seed_23,72.0,0.8181818181818182,88.0,0.0
239,12d_20n_bimodaldist_3466611634613189267seed_24,96.0,0.9230769230769232,104.0,0.0
240,12d_21n_bimodaldist_8705800047557223936seed_11,104.0,0.9285714285714286,112.0,0.0
241,12d_21n_bimodaldist_3854560353752137049seed_13,88.0,0.8461538461538461,104.0,0.0
242,12d_21n_bimodaldist_8560598900973944863seed_18,96.0,0.9230769230769232,104.0,0.0
243,12d_21n_bimodaldist_8606752101527733551seed_22,104.0,0.9285714285714286,112.0,0.0
244,12d_22n_bimodaldist_2858065237124242705seed_0,92.0,0.92,100.0,0.0
245,12d_22n_bimodaldist_7486007741692112570seed_3,108.0,0.9310344827586208,116.0,0.0
246,12d_22n_bimodaldist_6222915525021081699seed_12,84.0,0.9130434782608696,92.0,0.0
247,12d_22n_bimodaldist_6528035658763240548seed_14,92.0,0.92,100.0,0.0
248,12d_22n_bimodaldist_5282687174264350044seed_22,92.0,0.92,100.0,0.0
249,12d_23n_bimodaldist_8012386658215865286seed_7,112.0,0.9333333333333332,120.0,0.0
250,12d_24n_bimodaldist_7048315976002419367seed_3,104.0,0.9285714285714286,112.0,0.0
251,12d_24n_bimodaldist_4415051680587452750seed_8,112.0,0.9333333333333332,120.0,0.0
252,12d_24n_bimodaldist_6524680587811469598seed_11,112.0,0.9333333333333332,120.0,0.0
253,12d_24n_bimodaldist_9122975481528339184seed_12,96.0,0.9230769230769232,104.0,0.0
254,12d_24n_bimodaldist_5299028318190452597seed_20,104.0,0.9285714285714286,112.0,0.0
255,12d_25n_bimodaldist_3643631514909227603seed_1,116.0,0.8787878787878788,132.0,0.0
256,12d_25n_bimodaldist_8326599784630671819seed_3,116.0,0.935483870967742,124.0,0.0
257,12d_25n_bimodaldist_4125433980797800821seed_13,108.0,0.9310344827586208,116.0,0.0
258,12d_25n_bimodaldist_3612760467649702663seed_20,100.0,0.925925925925926,108.0,0.0
259,12d_25n_bimodaldist_3010052936080097720seed_21,124.0,0.9393939393939394,132.0,0.0
260,12d_25n_bimodaldist_7000181524312510792seed_24,100.0,0.8620689655172413,116.0,0.0
261,12d_26n_bimodaldist_1673112612860314610seed_7,116.0,0.935483870967742,124.0,0.0
262,12d_26n_bimodaldist_9062514722201167244seed_12,108.0,0.9310344827586208,116.0,0.0
263,12d_26n_bimodaldist_2182521743039406643seed_13,108.0,0.9310344827586208,116.0,0.0
264,12d_26n_bimodaldist_1366635403736222932seed_14,116.0,0.935483870967742,124.0,0.0
265,12d_26n_bimodaldist_6793349959139955178seed_17,124.0,0.9393939393939394,132.0,0.0
266,12d_26n_bimodaldist_3376891284425553144seed_18,116.0,0.935483870967742,124.0,0.0
267,12d_26n_bimodaldist_6937873867604534504seed_23,108.0,0.9310344827586208,116.0,0.0
268,12d_26n_bimodaldist_7111045034930161341seed_24,124.0,0.9393939393939394,132.0,0.0
269,12d_27n_bimodaldist_8696602587889147779seed_2,120.0,0.8333333333333334,144.0,0.0
270,12d_27n_bimodaldist_6080904689407578094seed_7,120.0,0.9375,128.0,0.0
271,12d_27n_bimodaldist_1447174997875440563seed_9,112.0,0.875,128.0,0.0
272,12d_27n_bimodaldist_810168264511027582seed_11,112.0,0.9333333333333332,120.0,0.0
273,12d_27n_bimodaldist_5773650918987452716seed_16,120.0,0.9375,128.0,0.0
274,12d_27n_bimodaldist_6742607657633920830seed_19,112.0,0.9333333333333332,120.0,0.0
275,12d_27n_bimodaldist_4167739409092900659seed_21,120.0,0.9375,128.0,0.0
276,12d_27n_bimodaldist_1585589125269019265seed_23,120.0,0.9375,128.0,0.0
277,12d_28n_bimodaldist_1094522341959066250seed_1,132.0,0.9428571428571428,140.0,0.0
278,12d_28n_bimodaldist_4119610079651453765seed_5,116.0,0.8787878787878788,132.0,0.0
279,12d_28n_bimodaldist_3756187722281481439seed_6,116.0,0.935483870967742,124.0,0.0
280,12d_28n_bimodaldist_8275628728328496778seed_10,132.0,0.9428571428571428,140.0,0.0
281,12d_28n_bimodaldist_6790524155604830221seed_13,116.0,0.8787878787878788,132.0,0.0
282,12d_28n_bimodaldist_3890115763125955625seed_20,116.0,0.935483870967742,124.0,0.0
283,12d_29n_bimodaldist_1815884144787045601seed_3,124.0,0.8857142857142857,140.0,0.0
284,12d_29n_bimodaldist_1325446139716289143seed_8,124.0,0.8857142857142857,140.0,0.0
285,12d_29n_bimodaldist_102749198019846797seed_16,124.0,0.9393939393939394,132.0,0.0
286,12d_29n_bimodaldist_2726465586003023653seed_18,132.0,0.9428571428571428,140.0,0.0
287,12d_29n_bimodaldist_2110709182740008118seed_19,124.0,0.9393939393939394,132.0,0.0
288,12d_29n_bimodaldist_6755500877190507534seed_21,140.0,0.945945945945946,148.0,0.0
289,12d_29n_bimodaldist_7209954315677856719seed_23,124.0,0.9393939393939394,132.0,0.0
290,12d_30n_bimodaldist_3865943198746849059seed_1,136.0,0.9444444444444444,144.0,0.0
291,12d_30n_bimodaldist_8694408450463429908seed_6,136.0,0.9444444444444444,144.0,0.0
292,12d_30n_bimodaldist_3107346299936295621seed_10,144.0,0.9473684210526316,152.0,0.0
293,12d_30n_bimodaldist_9213370053079764627seed_11,128.0,0.9411764705882352,136.0,0.0
294,12d_30n_bimodaldist_4462002559900661449seed_12,128.0,0.8888888888888888,144.0,0.0
295,12d_30n_bimodaldist_707932822889534722seed_13,136.0,0.9444444444444444,144.0,0.0
296,12d_30n_bimodaldist_2816488373278830343seed_18,128.0,0.9411764705882352,136.0,0.0
297,12d_30n_bimodaldist_3206080884006010243seed_20,128.0,0.9411764705882352,136.0,0.0
298,12d_30n_bimodaldist_5585212128151332934seed_22,128.0,0.9411764705882352,136.0,0.0
299,13d_16n_bimodaldist_3992956631998464908seed_9,72.0,0.9,80.0,0.0
300,13d_16n_bimodaldist_5714204936135818414seed_10,60.0,0.8333333333333334,72.0,0.0
301,13d_18n_bimodaldist_5818752788239247546seed_4,82.0,0.9111111111111112,90.0,0.0
302,13d_18n_bimodaldist_3685461837745729827seed_13,74.0,0.902439024390244,82.0,0.0
303,13d_20n_bimodaldist_7261369947028960094seed_1,92.0,0.92,100.0,0.0
304,13d_20n_bimodaldist_7277745632035584765seed_9,100.0,0.925925925925926,108.0,0.0
305,13d_20n_bimodaldist_3190089517367209450seed_15,88.0,0.88,100.0,0.0
306,13d_20n_bimodaldist_6774230213858336423seed_23,80.0,0.8333333333333334,96.0,0.0
307,13d_20n_bimodaldist_6414497295264591221seed_24,92.0,0.92,100.0,0.0
308,13d_22n_bimodaldist_4494727163947109931seed_1,94.0,0.9215686274509804,102.0,0.0
309,13d_22n_bimodaldist_1406444184311052038seed_6,122.0,0.9104477611940298,134.0,0.0
310,13d_22n_bimodaldist_3941792581795540676seed_12,98.0,0.8032786885245902,122.0,0.0
311,13d_22n_bimodaldist_2614580996876734984seed_14,98.0,0.9245283018867924,106.0,0.0
312,13d_22n_bimodaldist_4511405266963154471seed_21,90.0,0.9183673469387756,98.0,0.0
313,13d_24n_bimodaldist_2058928804417218544seed_0,100.0,0.8928571428571429,112.0,0.0
314,13d_24n_bimodaldist_4118029201921808048seed_2,116.0,0.90625,128.0,0.0
315,13d_24n_bimodaldist_6593027639736007430seed_3,112.0,0.9333333333333332,120.0,0.0
316,13d_24n_bimodaldist_8738910342236066855seed_12,124.0,0.9393939393939394,132.0,0.0
317,13d_24n_bimodaldist_5724803731025836436seed_14,128.0,0.9411764705882352,136.0,0.0
318,13d_24n_bimodaldist_2747666859261224912seed_16,116.0,0.8787878787878788,132.0,0.0
319,13d_24n_bimodaldist_5478770446462412877seed_24,108.0,0.9310344827586208,116.0,0.0
320,13d_26n_bimodaldist_770901454802829460seed_0,122.0,0.9104477611940298,134.0,0.0
321,13d_26n_bimodaldist_3752662056918925358seed_2,114.0,0.9047619047619048,126.0,0.0
322,13d_26n_bimodaldist_7067757903199542318seed_5,110.0,0.9016393442622952,122.0,0.0
323,13d_26n_bimodaldist_681887901770560322seed_9,118.0,0.8805970149253731,134.0,0.0
324,13d_26n_bimodaldist_1034571890280401159seed_19,118.0,0.9365079365079364,126.0,0.0
325,13d_28n_bimodaldist_4424302317927641461seed_3,120.0,0.8333333333333334,144.0,0.0
326,13d_28n_bimodaldist_5545578740148014912seed_5,124.0,0.9393939393939394,132.0,0.0
327,13d_28n_bimodaldist_5665484239325953780seed_8,132.0,0.9166666666666666,144.0,0.0
328,13d_28n_bimodaldist_683748359171625440seed_17,132.0,0.9428571428571428,140.0,0.0
329,13d_28n_bimodaldist_3147505179098540360seed_19,144.0,0.9473684210526316,152.0,0.0
330,13d_28n_bimodaldist_9210520706082675810seed_20,136.0,0.8947368421052632,152.0,0.0
331,13d_30n_bimodaldist_7557735992569705419seed_15,146.0,0.9240506329113924,158.0,0.0
332,13d_30n_bimodaldist_9093826583279410271seed_17,142.0,0.9220779220779219,154.0,0.0
333,13d_30n_bimodaldist_1086460259269739339seed_22,142.0,0.9220779220779219,154.0,0.0
334,14d_16n_bimodaldist_3547854545434949809seed_16,84.0,0.9130434782608696,92.0,0.0
335,14d_16n_bimodaldist_4739641681599333508seed_19,76.0,0.8260869565217391,92.0,0.0
336,14d_16n_bimodaldist_3052234914614676750seed_24,76.0,0.9047619047619048,84.0,0.0
337,14d_17n_bimodaldist_8120659891037227542seed_10,90.0,0.9183673469387756,98.0,0.0
338,14d_17n_bimodaldist_7581241172330434099seed_11,74.0,0.902439024390244,82.0,0.0
339,14d_18n_bimodaldist_8890018619474306366seed_16,96.0,0.9230769230769232,104.0,0.0
340,14d_18n_bimodaldist_2807178100679301638seed_21,80.0,0.9090909090909092,88.0,0.0
341,14d_19n_bimodaldist_7530196065465095445seed_16,90.0,0.9183673469387756,98.0,0.0
342,14d_19n_bimodaldist_7584811318209209331seed_18,90.0,0.9183673469387756,98.0,0.0
343,14d_20n_bimodaldist_2665974277704062949seed_10,84.0,0.84,100.0,0.0
344,14d_20n_bimodaldist_906790530242624540seed_16,92.0,0.92,100.0,0.0
345,14d_20n_bimodaldist_186044933640681564seed_23,84.0,0.9130434782608696,92.0,0.0
346,14d_21n_bimodaldist_2186687269829490604seed_0,86.0,0.7818181818181819,110.0,0.0
347,14d_21n_bimodaldist_1913504407970383394seed_3,110.0,0.9322033898305084,118.0,0.0
348,14d_21n_bimodaldist_7577341892790410258seed_11,102.0,0.9272727272727272,110.0,0.0
349,14d_21n_bimodaldist_32409242722519615seed_22,110.0,0.9322033898305084,118.0,0.0
350,14d_22n_bimodaldist_5587642570440694247seed_3,100.0,0.925925925925926,108.0,0.0
351,14d_22n_bimodaldist_6018454566539472648seed_6,100.0,0.8620689655172413,116.0,0.0
352,14d_22n_bimodaldist_3916967691374395768seed_11,100.0,0.8620689655172413,116.0,0.0
353,14d_22n_bimodaldist_2817175928107558288seed_13,92.0,0.92,100.0,0.0
354,14d_22n_bimodaldist_1593487144825951190seed_14,100.0,0.925925925925926,108.0,0.0
355,14d_22n_bimodaldist_2608641659496699469seed_18,124.0,0.9393939393939394,132.0,0.0
356,14d_22n_bimodaldist_5972740697224609459seed_22,100.0,0.925925925925926,108.0,0.0
357,14d_23n_bimodaldist_5111373475854346821seed_0,122.0,0.9384615384615383,130.0,0.0
358,14d_23n_bimodaldist_4501394176690242434seed_3,98.0,0.8032786885245902,122.0,0.0
359,14d_23n_bimodaldist_3398462055015977191seed_7,114.0,0.9344262295081968,122.0,0.0
360,14d_23n_bimodaldist_5948339265223509825seed_21,98.0,0.9245283018867924,106.0,0.0
361,14d_23n_bimodaldist_4122980312313364565seed_22,106.0,0.9298245614035088,114.0,0.0
362,14d_24n_bimodaldist_7224229081508935726seed_1,108.0,0.9310344827586208,116.0,0.0
363,14d_24n_bimodaldist_2211166048913679036seed_6,116.0,0.935483870967742,124.0,0.0
364,14d_24n_bimodaldist_6550371534843604451seed_10,108.0,0.8181818181818182,132.0,0.0
365,14d_24n_bimodaldist_3539222629184764175seed_12,116.0,0.935483870967742,124.0,0.0
366,14d_24n_bimodaldist_5000285763320941960seed_17,124.0,0.9393939393939394,132.0,0.0
367,14d_24n_bimodaldist_5658984651016183432seed_19,108.0,0.8709677419354839,124.0,0.0
368,14d_24n_bimodaldist_620817473757154503seed_22,100.0,0.8620689655172413,116.0,0.0
369,14d_25n_bimodaldist_2190836404051714806seed_9,134.0,0.943661971830986,142.0,0.0
370,14d_25n_bimodaldist_2112476573276430583seed_11,110.0,0.9322033898305084,118.0,0.0
371,14d_25n_bimodaldist_2575721849201339070seed_13,110.0,0.873015873015873,126.0,0.0
372,14d_25n_bimodaldist_5133491321871262877seed_15,134.0,0.943661971830986,142.0,0.0
373,14d_25n_bimodaldist_8718536763757554301seed_16,118.0,0.9365079365079364,126.0,0.0
374,14d_25n_bimodaldist_9095825264098975709seed_19,110.0,0.873015873015873,126.0,0.0
375,14d_25n_bimodaldist_3351184682779098717seed_21,118.0,0.9365079365079364,126.0,0.0
376,14d_25n_bimodaldist_2594027455335003155seed_22,118.0,0.9365079365079364,126.0,0.0
377,14d_26n_bimodaldist_1728011168985468748seed_4,108.0,0.8181818181818182,132.0,0.0
378,14d_26n_bimodaldist_4635931408936492128seed_6,124.0,0.9393939393939394,132.0,0.0
379,14d_26n_bimodaldist_2065073453516162763seed_12,124.0,0.8857142857142857,140.0,0.0
380,14d_26n_bimodaldist_7332676122082650900seed_13,140.0,0.945945945945946,148.0,0.0
381,14d_26n_bimodaldist_5418878082230161194seed_14,132.0,0.9428571428571428,140.0,0.0
382,14d_26n_bimodaldist_6503699061512382221seed_15,124.0,0.9393939393939394,132.0,0.0
383,14d_26n_bimodaldist_5860603843243192403seed_17,124.0,0.9393939393939394,132.0,0.0
384,14d_26n_bimodaldist_6031176972401116906seed_18,116.0,0.935483870967742,124.0,0.0
385,14d_26n_bimodaldist_70059311818315534seed_21,124.0,0.9393939393939394,132.0,0.0
386,14d_26n_bimodaldist_7021062106610049419seed_22,132.0,0.9428571428571428,140.0,0.0
387,14d_27n_bimodaldist_5673484943366639801seed_2,126.0,0.8873239436619719,142.0,0.0
388,14d_27n_bimodaldist_1299032368824114748seed_5,126.0,0.9402985074626866,134.0,0.0
389,14d_27n_bimodaldist_8722088725846300310seed_7,118.0,0.9365079365079364,126.0,0.0
390,14d_27n_bimodaldist_5346296505104782383seed_8,126.0,0.9402985074626866,134.0,0.0
391,14d_27n_bimodaldist_2001695662483645235seed_9,142.0,0.8987341772151899,158.0,0.0
392,14d_27n_bimodaldist_1592981060449028208seed_10,126.0,0.9402985074626866,134.0,0.0
393,14d_27n_bimodaldist_2309077095954063715seed_14,126.0,0.9402985074626866,134.0,0.0
394,14d_27n_bimodaldist_3090739273548054184seed_16,134.0,0.8933333333333333,150.0,0.0
395,14d_27n_bimodaldist_3616831927426711545seed_19,134.0,0.8933333333333333,150.0,0.0
396,14d_27n_bimodaldist_6095149904356680764seed_23,118.0,0.8805970149253731,134.0,0.0
397,14d_28n_bimodaldist_8962958879403855173seed_2,144.0,0.9473684210526316,152.0,0.0
398,14d_28n_bimodaldist_27342738826622413seed_6,144.0,0.9473684210526316,152.0,0.0
399,14d_28n_bimodaldist_8041626575206228000seed_7,128.0,0.8888888888888888,144.0,0.0
400,14d_28n_bimodaldist_1521433720584383502seed_10,136.0,0.9444444444444444,144.0,0.0
401,14d_28n_bimodaldist_8672649963590637747seed_11,136.0,0.9444444444444444,144.0,0.0
402,14d_28n_bimodaldist_7404879770706327584seed_13,120.0,0.8823529411764706,136.0,0.0
403,14d_28n_bimodaldist_1189535594993804301seed_14,144.0,0.9473684210526316,152.0,0.0
404,14d_28n_bimodaldist_3834653113608495245seed_17,144.0,0.9473684210526316,152.0,0.0
405,14d_28n_bimodaldist_1389767364853592164seed_20,144.0,0.9473684210526316,152.0,0.0
406,14d_29n_bimodaldist_6963314997005438321seed_2,126.0,0.84,150.0,0.0
407,14d_29n_bimodaldist_2480875026675449040seed_4,142.0,0.9466666666666668,150.0,0.0
408,14d_29n_bimodaldist_7392348298457624202seed_5,126.0,0.8873239436619719,142.0,0.0
409,14d_29n_bimodaldist_1479966426122014333seed_7,134.0,0.8933333333333333,150.0,0.0
410,16d_18n_bimodaldist_6846099863947032402seed_6,80.0,0.9090909090909092,88.0,0.0
411,16d_18n_bimodaldist_2335693914831095705seed_7,80.0,0.9090909090909092,88.0,0.0
412,16d_18n_bimodaldist_657270857237698315seed_15,80.0,0.9090909090909092,88.0,0.0
413,16d_18n_bimodaldist_7689107814249030921seed_19,88.0,0.9166666666666666,96.0,0.0
414,16d_19n_bimodaldist_2478980069214145360seed_0,88.0,0.9166666666666666,96.0,0.0
415,16d_19n_bimodaldist_5605950656696495605seed_1,104.0,0.9285714285714286,112.0,0.0
416,16d_19n_bimodaldist_4025762891849354160seed_3,96.0,0.9230769230769232,104.0,0.0
417,16d_19n_bimodaldist_3494665895638956691seed_5,88.0,0.9166666666666666,96.0,0.0
418,16d_19n_bimodaldist_2000488482451510531seed_6,88.0,0.9166666666666666,96.0,0.0
419,16d_19n_bimodaldist_5636160160378483726seed_19,96.0,0.9230769230769232,104.0,0.0
420,16d_20n_bimodaldist_662548156787053454seed_3,108.0,0.8709677419354839,124.0,0.0
421,16d_20n_bimodaldist_7198863517570310890seed_7,100.0,0.925925925925926,108.0,0.0
422,16d_20n_bimodaldist_7487344670443817158seed_8,92.0,0.92,100.0,0.0
423,16d_20n_bimodaldist_1899588042285574477seed_10,92.0,0.92,100.0,0.0
424,16d_20n_bimodaldist_6822537255088734196seed_14,92.0,0.7931034482758621,116.0,0.0
425,16d_20n_bimodaldist_5905858035434755264seed_15,116.0,0.935483870967742,124.0,0.0
426,16d_20n_bimodaldist_4886708508126681585seed_20,92.0,0.92,100.0,0.0
427,16d_21n_bimodaldist_8868010419596938966seed_0,100.0,0.925925925925926,108.0,0.0
428,16d_21n_bimodaldist_8295424634865595409seed_3,108.0,0.9310344827586208,116.0,0.0
429,16d_21n_bimodaldist_8571416669460028683seed_4,100.0,0.925925925925926,108.0,0.0
430,16d_21n_bimodaldist_2857355361851238806seed_9,100.0,0.8620689655172413,116.0,0.0
431,16d_21n_bimodaldist_6410490722747291116seed_12,116.0,0.935483870967742,124.0,0.0
432,16d_21n_bimodaldist_7701648991524245238seed_15,100.0,0.925925925925926,108.0,0.0
433,16d_21n_bimodaldist_5054888648320381209seed_16,100.0,0.8620689655172413,116.0,0.0
434,16d_21n_bimodaldist_6274427642574446283seed_18,100.0,0.8620689655172413,116.0,0.0
435,16d_21n_bimodaldist_2851604750550533136seed_19,100.0,0.925925925925926,108.0,0.0
436,16d_22n_bimodaldist_2178288910887390555seed_1,112.0,0.9333333333333332,120.0,0.0
437,16d_22n_bimodaldist_818404527709844812seed_4,112.0,0.9333333333333332,120.0,0.0
438,16d_22n_bimodaldist_193843768587595351seed_6,104.0,0.9285714285714286,112.0,0.0
439,16d_22n_bimodaldist_318524715168257317seed_9,128.0,0.9411764705882352,136.0,0.0
440,16d_22n_bimodaldist_1432977236797087708seed_11,112.0,0.9333333333333332,120.0,0.0
441,16d_22n_bimodaldist_7817592660704591152seed_21,96.0,0.9230769230769232,104.0,0.0
442,16d_22n_bimodaldist_4293484251759852736seed_22,104.0,0.9285714285714286,112.0,0.0
443,16d_23n_bimodaldist_5390781057784347942seed_1,108.0,0.8709677419354839,124.0,0.0
444,16d_23n_bimodaldist_2211566345989527448seed_4,116.0,0.8787878787878788,132.0,0.0
445,16d_23n_bimodaldist_3600427599368916496seed_5,108.0,0.8709677419354839,124.0,0.0
446,16d_23n_bimodaldist_1880694090397078279seed_8,108.0,0.9310344827586208,116.0,0.0
447,16d_23n_bimodaldist_8737103521844050085seed_9,108.0,0.9310344827586208,116.0,0.0
448,16d_23n_bimodaldist_7852120046378323577seed_13,116.0,0.935483870967742,124.0,0.0
449,16d_24n_bimodaldist_20494435648477762seed_4,108.0,0.9310344827586208,116.0,0.0
450,16d_24n_bimodaldist_5137485101092349013seed_11,116.0,0.935483870967742,124.0,0.0
451,16d_24n_bimodaldist_1588953567799684119seed_13,116.0,0.935483870967742,124.0,0.0
452,16d_24n_bimodaldist_6492528022897451666seed_15,124.0,0.9393939393939394,132.0,0.0
453,16d_24n_bimodaldist_5682359899833334961seed_20,116.0,0.935483870967742,124.0,0.0
454,16d_24n_bimodaldist_7388665372351301289seed_21,116.0,0.8285714285714286,140.0,0.0
455,16d_25n_bimodaldist_4669196408977936408seed_6,120.0,0.8823529411764706,136.0,0.0
456,16d_25n_bimodaldist_4381137760209883054seed_9,136.0,0.9444444444444444,144.0,0.0
457,16d_25n_bimodaldist_9184804135323845817seed_11,112.0,0.875,128.0,0.0
458,16d_25n_bimodaldist_900561905954787913seed_15,120.0,0.9375,128.0,0.0
459,16d_25n_bimodaldist_1497087268734202449seed_16,120.0,0.8823529411764706,136.0,0.0
460,16d_25n_bimodaldist_1410926366254115234seed_22,120.0,0.9375,128.0,0.0
461,16d_26n_bimodaldist_5031028347569590208seed_0,136.0,0.9444444444444444,144.0,0.0
462,16d_26n_bimodaldist_4078928933765677990seed_2,144.0,0.9473684210526316,152.0,0.0
463,16d_26n_bimodaldist_440553017886438598seed_7,136.0,0.9444444444444444,144.0,0.0
464,16d_26n_bimodaldist_4514004026911989403seed_9,128.0,0.9411764705882352,136.0,0.0
465,16d_26n_bimodaldist_7466139808400387858seed_13,128.0,0.8888888888888888,144.0,0.0
466,16d_26n_bimodaldist_2213291119418757374seed_18,136.0,0.9444444444444444,144.0,0.0
467,16d_26n_bimodaldist_8829251959150245028seed_19,128.0,0.9411764705882352,136.0,0.0
468,16d_26n_bimodaldist_4661803165615199700seed_20,136.0,0.9444444444444444,144.0,0.0
469,16d_27n_bimodaldist_4782424766068447665seed_4,140.0,0.945945945945946,148.0,0.0
470,16d_27n_bimodaldist_2967157705034114887seed_6,124.0,0.9393939393939394,132.0,0.0
471,16d_27n_bimodaldist_138781195175953212seed_8,124.0,0.7948717948717948,156.0,0.0
472,16d_27n_bimodaldist_7514407158791202128seed_9,132.0,0.8918918918918919,148.0,0.0
473,16d_27n_bimodaldist_3727189265998340262seed_13,132.0,0.9428571428571428,140.0,0.0
474,16d_27n_bimodaldist_8823030623031854547seed_17,140.0,0.945945945945946,148.0,0.0
475,16d_27n_bimodaldist_3440607845287281748seed_24,124.0,0.9393939393939394,132.0,0.0
476,16d_28n_bimodaldist_5548279974199869748seed_2,132.0,0.9428571428571428,140.0,0.0
477,16d_28n_bimodaldist_4780324327478431587seed_17,132.0,0.8918918918918919,148.0,0.0
478,16d_28n_bimodaldist_5254102259585577393seed_18,148.0,0.9487179487179488,156.0,0.0
479,16d_28n_bimodaldist_4065423609152833207seed_20,140.0,0.945945945945946,148.0,0.0
480,16d_28n_bimodaldist_4418350046893215634seed_24,140.0,0.945945945945946,148.0,0.0
481,16d_29n_bimodaldist_5242347883063728163seed_3,136.0,0.9444444444444444,144.0,0.0
482,16d_29n_bimodaldist_5522094061585079701seed_4,152.0,0.9047619047619048,168.0,0.0
483,16d_29n_bimodaldist_569849810602783715seed_5,152.0,0.9047619047619048,168.0,0.0
484,16d_29n_bimodaldist_9165068998075404104seed_6,144.0,0.9473684210526316,152.0,0.0
485,16d_29n_bimodaldist_957857347361233348seed_8,136.0,0.9444444444444444,144.0,0.0
486,16d_29n_bimodaldist_5449372603553549498seed_18,136.0,0.8947368421052632,152.0,0.0
487,16d_29n_bimodaldist_3186125933181345561seed_22,144.0,0.9473684210526316,152.0,0.0
488,16d_29n_bimodaldist_8243116761332749799seed_24,144.0,0.9473684210526316,152.0,0.0
489,16d_30n_bimodaldist_6617407818446519689seed_3,156.0,0.9069767441860463,172.0,0.0
490,16d_30n_bimodaldist_4710468598852490958seed_15,156.0,0.8666666666666667,180.0,0.0
491,16d_30n_bimodaldist_3327863364131011483seed_17,148.0,0.902439024390244,164.0,0.0
492,16d_30n_bimodaldist_3495061266732364002seed_22,156.0,0.9069767441860463,172.0,0.0
493,17d_18n_bimodaldist_2426051309211132639seed_0,90.0,0.8823529411764706,102.0,0.0
494,17d_18n_bimodaldist_5498070098606606197seed_1,86.0,0.7818181818181819,110.0,0.0
495,17d_18n_bimodaldist_6840626329590673803seed_2,86.0,0.7818181818181819,110.0,0.0
496,17d_18n_bimodaldist_4631368997160171479seed_3,86.0,0.7818181818181819,110.0,0.0
497,17d_18n_bimodaldist_1894894337894683685seed_4,90.0,0.8823529411764706,102.0,0.0
498,17d_18n_bimodaldist_444561955996388910seed_5,86.0,0.7818181818181819,110.0,0.0
499,17d_18n_bimodaldist_6087446261373430044seed_6,90.0,0.8823529411764706,102.0,0.0
500,17d_18n_bimodaldist_4433515332027367606seed_7,90.0,0.8823529411764706,102.0,0.0
501,17d_18n_bimodaldist_4877973209387429213seed_8,90.0,0.8823529411764706,102.0,0.0
502,17d_18n_bimodaldist_8527817263911402307seed_9,86.0,0.7818181818181819,110.0,0.0
503,17d_18n_bimodaldist_7243713727912023424seed_10,86.0,0.7818181818181819,110.0,0.0
504,17d_18n_bimodaldist_6060207060622575031seed_11,86.0,0.7818181818181819,110.0,0.0
505,17d_18n_bimodaldist_6016889825790198964seed_12,86.0,0.7818181818181819,110.0,0.0
506,17d_18n_bimodaldist_774572163688717300seed_13,90.0,0.8823529411764706,102.0,0.0
507,17d_18n_bimodaldist_1414706027959996526seed_14,86.0,0.7818181818181819,110.0,0.0
508,17d_18n_bimodaldist_933773298924288942seed_15,86.0,0.7818181818181819,110.0,0.0
509,17d_18n_bimodaldist_1446067586805885790seed_16,86.0,0.7818181818181819,110.0,0.0
510,17d_18n_bimodaldist_477179297561144323seed_17,90.0,0.8823529411764706,102.0,0.0
511,17d_18n_bimodaldist_6014143898517505290seed_18,86.0,0.7818181818181819,110.0,0.0
512,17d_18n_bimodaldist_8793711737896860064seed_19,90.0,0.8823529411764706,102.0,0.0
513,17d_18n_bimodaldist_4500594201150640715seed_20,90.0,0.8823529411764706,102.0,0.0
514,17d_18n_bimodaldist_8668022178724372187seed_21,86.0,0.7818181818181819,110.0,0.0
515,17d_18n_bimodaldist_688787765909545657seed_22,90.0,0.8823529411764706,102.0,0.0
516,17d_18n_bimodaldist_1125299181642846699seed_23,90.0,0.8823529411764706,102.0,0.0
517,17d_18n_bimodaldist_1110033951799696190seed_24,86.0,0.7818181818181819,110.0,0.0
518,17d_20n_bimodaldist_6377776570683398810seed_20,100.0,0.925925925925926,108.0,0.0
519,17d_22n_bimodaldist_3422605043215915845seed_3,118.0,0.9076923076923076,130.0,0.0
520,17d_22n_bimodaldist_1274543203889299136seed_15,114.0,0.9344262295081968,122.0,0.0
521,17d_22n_bimodaldist_592494826486351114seed_16,110.0,0.9322033898305084,118.0,0.0
522,17d_22n_bimodaldist_6678390081898909882seed_23,130.0,0.9420289855072465,138.0,0.0
523,17d_24n_bimodaldist_2839487118669990835seed_5,116.0,0.90625,128.0,0.0
524,17d_24n_bimodaldist_7360079647556075707seed_8,132.0,0.9428571428571428,140.0,0.0
525,17d_24n_bimodaldist_6569988733034275786seed_12,116.0,0.935483870967742,124.0,0.0
526,17d_24n_bimodaldist_8357028563960843490seed_16,108.0,0.8181818181818182,132.0,0.0
527,17d_24n_bimodaldist_2155401754534054112seed_20,132.0,0.9428571428571428,140.0,0.0
528,17d_24n_bimodaldist_1861876241689976685seed_22,116.0,0.8787878787878788,132.0,0.0
529,17d_26n_bimodaldist_6388023276518140531seed_0,134.0,0.943661971830986,142.0,0.0
530,17d_26n_bimodaldist_4953973741303520811seed_14,134.0,0.943661971830986,142.0,0.0
531,17d_26n_bimodaldist_5474147206614156426seed_16,142.0,0.9466666666666668,150.0,0.0
532,17d_26n_bimodaldist_7820626450531245098seed_17,134.0,0.8933333333333333,150.0,0.0
533,17d_26n_bimodaldist_1800714587839632224seed_24,130.0,0.8904109589041096,146.0,0.0
534,17d_28n_bimodaldist_6332486778264202356seed_19,140.0,0.945945945945946,148.0,0.0
535,17d_28n_bimodaldist_5003636091970851786seed_20,156.0,0.9285714285714286,168.0,0.0
536,17d_30n_bimodaldist_6036431582296152440seed_1,166.0,0.8736842105263158,190.0,0.0
537,17d_30n_bimodaldist_3458530518339001362seed_2,174.0,0.9157894736842104,190.0,0.0
538,17d_30n_bimodaldist_5840992579421422130seed_3,174.0,0.935483870967742,186.0,0.0
539,17d_30n_bimodaldist_8297907268980136091seed_7,150.0,0.9036144578313252,166.0,0.0
540,17d_30n_bimodaldist_7478596165919650989seed_19,162.0,0.9310344827586208,174.0,0.0
541,17d_30n_bimodaldist_5856295315265484293seed_22,138.0,0.8518518518518519,162.0,0.0
542,17d_30n_bimodaldist_1386202179531073093seed_23,166.0,0.9325842696629212,178.0,0.0
543,18d_20n_bimodaldist_3047491630020871909seed_1,120.0,0.9375,128.0,0.0
544,18d_20n_bimodaldist_7666816692256474909seed_7,104.0,0.9285714285714286,112.0,0.0
545,18d_20n_bimodaldist_507800866285314524seed_9,96.0,0.9230769230769232,104.0,0.0
546,18d_20n_bimodaldist_8243328527558596217seed_14,96.0,0.9230769230769232,104.0,0.0
547,18d_20n_bimodaldist_5541569120746619846seed_20,104.0,0.9285714285714286,112.0,0.0
548,18d_20n_bimodaldist_2252690714499335878seed_24,104.0,0.9285714285714286,112.0,0.0
549,18d_21n_bimodaldist_5945446284182817222seed_0,102.0,0.9272727272727272,110.0,0.0
550,18d_21n_bimodaldist_5913430049076157732seed_3,102.0,0.9272727272727272,110.0,0.0
551,18d_22n_bimodaldist_1999687932206773992seed_5,108.0,0.8709677419354839,124.0,0.0
552,18d_22n_bimodaldist_4788771755843299873seed_13,108.0,0.9310344827586208,116.0,0.0
553,18d_22n_bimodaldist_2993923467510082578seed_14,116.0,0.935483870967742,124.0,0.0
554,18d_23n_bimodaldist_3917752201149461274seed_0,126.0,0.9402985074626866,134.0,0.0
555,18d_23n_bimodaldist_2153705127352808369seed_1,126.0,0.9402985074626866,134.0,0.0
556,18d_23n_bimodaldist_8082147518656948744seed_3,118.0,0.9365079365079364,126.0,0.0
557,18d_23n_bimodaldist_1906528567714845931seed_5,126.0,0.9402985074626866,134.0,0.0
558,18d_23n_bimodaldist_2979326488570661094seed_6,118.0,0.9365079365079364,126.0,0.0
559,18d_23n_bimodaldist_8587900034604795771seed_12,118.0,0.9365079365079364,126.0,0.0
560,18d_23n_bimodaldist_8655658202812178717seed_17,118.0,0.9365079365079364,126.0,0.0
561,18d_23n_bimodaldist_7393684681263102938seed_20,126.0,0.9402985074626866,134.0,0.0
562,18d_23n_bimodaldist_1159043508057753163seed_21,118.0,0.9365079365079364,126.0,0.0
563,18d_23n_bimodaldist_9093682077725748511seed_22,118.0,0.9365079365079364,126.0,0.0
564,18d_23n_bimodaldist_403036488685976511seed_23,118.0,0.9365079365079364,126.0,0.0
565,18d_24n_bimodaldist_550417105661546198seed_0,124.0,0.8857142857142857,140.0,0.0
566,18d_24n_bimodaldist_5768568322312747466seed_4,116.0,0.935483870967742,124.0,0.0
567,18d_24n_bimodaldist_604546836668016014seed_5,132.0,0.9428571428571428,140.0,0.0
568,18d_24n_bimodaldist_746053365235318154seed_11,116.0,0.8787878787878788,132.0,0.0
569,18d_24n_bimodaldist_5697445535062337175seed_17,132.0,0.8918918918918919,148.0,0.0
570,18d_25n_bimodaldist_4724425559808524089seed_0,126.0,0.9402985074626866,134.0,0.0
571,18d_25n_bimodaldist_3914880318621867881seed_1,142.0,0.9466666666666668,150.0,0.0
572,18d_25n_bimodaldist_7218122347210610500seed_2,142.0,0.8987341772151899,158.0,0.0
573,18d_25n_bimodaldist_2427779662684098556seed_3,142.0,0.9466666666666668,150.0,0.0
574,18d_25n_bimodaldist_7171150444672578300seed_7,134.0,0.943661971830986,142.0,0.0
575,18d_25n_bimodaldist_1961944811727231120seed_10,142.0,0.9466666666666668,150.0,0.0
576,18d_25n_bimodaldist_1835549545289447530seed_12,126.0,0.9402985074626866,134.0,0.0
577,18d_25n_bimodaldist_4511187923928678481seed_18,142.0,0.9466666666666668,150.0,0.0
578,18d_25n_bimodaldist_2517424377006557690seed_21,142.0,0.9466666666666668,150.0,0.0
579,18d_26n_bimodaldist_4120670359925108922seed_0,140.0,0.945945945945946,148.0,0.0
580,18d_26n_bimodaldist_4073882495152672936seed_1,124.0,0.9393939393939394,132.0,0.0
581,18d_26n_bimodaldist_2132086159542545401seed_4,140.0,0.945945945945946,148.0,0.0
582,18d_26n_bimodaldist_9024926383473374247seed_6,124.0,0.8857142857142857,140.0,0.0
583,18d_26n_bimodaldist_5380800984467574007seed_7,132.0,0.9428571428571428,140.0,0.0
584,18d_26n_bimodaldist_987909523798672677seed_8,132.0,0.8461538461538461,156.0,0.0
585,18d_26n_bimodaldist_244248951231381022seed_11,140.0,0.945945945945946,148.0,0.0
586,18d_26n_bimodaldist_8494356263651725047seed_19,140.0,0.8536585365853658,164.0,0.0
587,18d_26n_bimodaldist_28132093788405075seed_22,132.0,0.9428571428571428,140.0,0.0
588,18d_26n_bimodaldist_6598714653457459099seed_23,132.0,0.9428571428571428,140.0,0.0
589,18d_27n_bimodaldist_1993519275272939631seed_1,142.0,0.9466666666666668,150.0,0.0
590,18d_27n_bimodaldist_6057240666977905333seed_9,150.0,0.9493670886075948,158.0,0.0
591,18d_27n_bimodaldist_5413225790357134085seed_14,142.0,0.8987341772151899,158.0,0.0
592,18d_27n_bimodaldist_5290727497136470337seed_18,134.0,0.8933333333333333,150.0,0.0
593,18d_27n_bimodaldist_1647367424181889314seed_19,150.0,0.9493670886075948,158.0,0.0
594,18d_27n_bimodaldist_2906009879204148462seed_21,150.0,0.9493670886075948,158.0,0.0
595,18d_27n_bimodaldist_7980659913691671194seed_23,150.0,0.9493670886075948,158.0,0.0
596,18d_28n_bimodaldist_9121589214460611743seed_0,140.0,0.8974358974358975,156.0,0.0
597,18d_28n_bimodaldist_5279921196697313912seed_4,148.0,0.902439024390244,164.0,0.0
598,18d_28n_bimodaldist_6464363564045604771seed_14,156.0,0.9069767441860463,172.0,0.0
599,18d_28n_bimodaldist_5161337714989815210seed_18,140.0,0.813953488372093,172.0,0.0
600,18d_28n_bimodaldist_7664170643692939924seed_22,148.0,0.9487179487179488,156.0,0.0
601,18d_28n_bimodaldist_6461399328389278277seed_24,164.0,0.9111111111111112,180.0,0.0
602,18d_29n_bimodaldist_2458451907038187479seed_0,158.0,0.9080459770114944,174.0,0.0
603,18d_29n_bimodaldist_4919517385647302100seed_7,150.0,0.8620689655172413,174.0,0.0
604,18d_29n_bimodaldist_8063033271578440827seed_21,190.0,0.9223300970873788,206.0,0.0
605,18d_29n_bimodaldist_3471047824118166874seed_22,150.0,0.9036144578313252,166.0,0.0
606,18d_30n_bimodaldist_5819886426364798829seed_0,148.0,0.9487179487179488,156.0,0.0
607,18d_30n_bimodaldist_2685564283078039664seed_1,156.0,0.9069767441860463,172.0,0.0
608,18d_30n_bimodaldist_6437900041361637700seed_9,164.0,0.8723404255319149,188.0,0.0
609,18d_30n_bimodaldist_3938074444514413843seed_17,164.0,0.8723404255319149,188.0,0.0
610,18d_30n_bimodaldist_8278960442763096196seed_22,172.0,0.9148936170212766,188.0,0.0
611,18d_30n_bimodaldist_1365864300225484803seed_23,164.0,0.9111111111111112,180.0,0.0
612,19d_22n_bimodaldist_8649550839718924622seed_9,126.0,0.9402985074626866,134.0,0.0
613,19d_22n_bimodaldist_490579400907747226seed_17,138.0,0.92,150.0,0.0
614,19d_22n_bimodaldist_1744168695413623727seed_19,118.0,0.8082191780821918,146.0,0.0
615,19d_22n_bimodaldist_2423775396454870901seed_23,126.0,0.9402985074626866,134.0,0.0
616,19d_24n_bimodaldist_59994812488528469seed_3,132.0,0.9428571428571428,140.0,0.0
617,19d_24n_bimodaldist_7436212062348544122seed_12,136.0,0.9189189189189191,148.0,0.0
618,19d_24n_bimodaldist_4658681355134529351seed_14,120.0,0.9375,128.0,0.0
619,19d_24n_bimodaldist_2011264133646530559seed_16,124.0,0.8378378378378378,148.0,0.0
620,19d_24n_bimodaldist_6498265937146666615seed_18,152.0,0.9268292682926829,164.0,0.0
621,19d_24n_bimodaldist_2002488439335795288seed_20,132.0,0.8918918918918919,148.0,0.0
622,19d_24n_bimodaldist_4985813761950010691seed_21,140.0,0.945945945945946,148.0,0.0
623,19d_26n_bimodaldist_2538505162126998357seed_0,142.0,0.9466666666666668,150.0,0.0
624,19d_26n_bimodaldist_6018672970257345356seed_9,142.0,0.9466666666666668,150.0,0.0
625,19d_26n_bimodaldist_7977848862027980768seed_11,138.0,0.92,150.0,0.0
626,19d_26n_bimodaldist_7299123914068378160seed_15,150.0,0.9493670886075948,158.0,0.0
627,19d_26n_bimodaldist_6664834807701951488seed_17,146.0,0.9480519480519479,154.0,0.0
628,19d_26n_bimodaldist_1069980613052364861seed_22,146.0,0.9012345679012346,162.0,0.0
629,19d_26n_bimodaldist_5659729168563775800seed_24,146.0,0.9240506329113924,158.0,0.0
630,19d_28n_bimodaldist_5460139436004129544seed_4,152.0,0.8837209302325582,172.0,0.0
631,19d_28n_bimodaldist_8079267526516850929seed_5,156.0,0.9069767441860463,172.0,0.0
632,19d_28n_bimodaldist_11638505574289932seed_7,152.0,0.8837209302325582,172.0,0.0
633,19d_28n_bimodaldist_5867743152326807981seed_10,168.0,0.9333333333333332,180.0,0.0
634,19d_28n_bimodaldist_4016109722246979980seed_12,152.0,0.9047619047619048,168.0,0.0
635,19d_28n_bimodaldist_1998268805105887533seed_13,156.0,0.9285714285714286,168.0,0.0
636,19d_28n_bimodaldist_2556936405571562965seed_14,160.0,0.9302325581395348,172.0,0.0
637,19d_28n_bimodaldist_4636612267882664731seed_16,156.0,0.9069767441860463,172.0,0.0
638,19d_28n_bimodaldist_1231526608420551521seed_18,148.0,0.902439024390244,164.0,0.0
639,19d_28n_bimodaldist_2413410700002034290seed_19,132.0,0.825,160.0,0.0
640,19d_30n_bimodaldist_3985728982939741347seed_0,170.0,0.8947368421052632,190.0,0.0
641,19d_30n_bimodaldist_8851600103582147852seed_2,182.0,0.9381443298969072,194.0,0.0
642,19d_30n_bimodaldist_3403389340776968874seed_6,166.0,0.9325842696629212,178.0,0.0
643,19d_30n_bimodaldist_2337152877677053685seed_16,182.0,0.9191919191919192,198.0,0.0
644,19d_30n_bimodaldist_7042095046244089016seed_17,166.0,0.8736842105263158,190.0,0.0
645,19d_30n_bimodaldist_5370194725996743908seed_19,162.0,0.8709677419354839,186.0,0.0
646,20d_22n_bimodaldist_8767260703817388524seed_2,124.0,0.9393939393939394,132.0,0.0
647,20d_22n_bimodaldist_3349617415756752937seed_9,116.0,0.935483870967742,124.0,0.0
648,20d_22n_bimodaldist_4027306384340669419seed_10,124.0,0.8857142857142857,140.0,0.0
649,20d_22n_bimodaldist_425072300394376228seed_19,116.0,0.935483870967742,124.0,0.0
650,20d_23n_bimodaldist_7586634023290133722seed_1,132.0,0.9428571428571428,140.0,0.0
651,20d_23n_bimodaldist_2066705924553005788seed_8,132.0,0.9428571428571428,140.0,0.0
652,20d_23n_bimodaldist_2002756912937000161seed_10,124.0,0.8378378378378378,148.0,0.0
653,20d_23n_bimodaldist_7447311058102648747seed_14,108.0,0.8181818181818182,132.0,0.0
654,20d_23n_bimodaldist_6486405396463396066seed_15,132.0,0.9428571428571428,140.0,0.0
655,20d_23n_bimodaldist_3928711596053694209seed_17,148.0,0.9487179487179488,156.0,0.0
656,20d_24n_bimodaldist_1383943871113511954seed_1,140.0,0.945945945945946,148.0,0.0
657,20d_24n_bimodaldist_5419159445019312956seed_15,132.0,0.9428571428571428,140.0,0.0
658,20d_24n_bimodaldist_1589461083961000427seed_16,132.0,0.9428571428571428,140.0,0.0
659,20d_24n_bimodaldist_4767258067083001102seed_23,132.0,0.9428571428571428,140.0,0.0
660,20d_25n_bimodaldist_1337240065843694246seed_1,132.0,0.9428571428571428,140.0,0.0
661,20d_25n_bimodaldist_268722230161901832seed_3,140.0,0.945945945945946,148.0,0.0
662,20d_25n_bimodaldist_6459105388428002827seed_4,140.0,0.8974358974358975,156.0,0.0
663,20d_25n_bimodaldist_7601219874222051377seed_7,140.0,0.813953488372093,172.0,0.0
664,20d_25n_bimodaldist_4282358661172273867seed_10,148.0,0.9487179487179488,156.0,0.0
665,20d_25n_bimodaldist_1647959134343695882seed_14,124.0,0.8857142857142857,140.0,0.0
666,20d_25n_bimodaldist_6491452816083547017seed_15,140.0,0.8974358974358975,156.0,0.0
667,20d_25n_bimodaldist_7671730383254737769seed_21,124.0,0.8857142857142857,140.0,0.0
668,20d_25n_bimodaldist_6833694285909148135seed_22,148.0,0.8604651162790697,172.0,0.0
669,20d_25n_bimodaldist_8662912487916962985seed_23,140.0,0.8974358974358975,156.0,0.0
670,20d_25n_bimodaldist_3338766349856263445seed_24,140.0,0.8974358974358975,156.0,0.0
671,20d_26n_bimodaldist_5274604598790457684seed_7,144.0,0.9473684210526316,152.0,0.0
672,20d_26n_bimodaldist_1562376890132605447seed_8,144.0,0.9473684210526316,152.0,0.0
673,20d_26n_bimodaldist_1335468283467548628seed_15,152.0,0.9047619047619048,168.0,0.0
674,20d_26n_bimodaldist_1348780556183094163seed_17,136.0,0.9444444444444444,144.0,0.0
675,20d_26n_bimodaldist_1409614365726937164seed_22,136.0,0.85,160.0,0.0
676,20d_26n_bimodaldist_6448823793982715965seed_23,136.0,0.8947368421052632,152.0,0.0
677,20d_26n_bimodaldist_229568076228967746seed_24,144.0,0.9,160.0,0.0
678,20d_27n_bimodaldist_4387966328826788382seed_1,148.0,0.9487179487179488,156.0,0.0
679,20d_27n_bimodaldist_8369871478525944829seed_16,164.0,0.9111111111111112,180.0,0.0
680,20d_27n_bimodaldist_2579576757966181834seed_18,156.0,0.9069767441860463,172.0,0.0
681,20d_28n_bimodaldist_3016887768723614771seed_12,148.0,0.902439024390244,164.0,0.0
682,20d_28n_bimodaldist_3694455753933427968seed_16,148.0,0.9487179487179488,156.0,0.0
683,20d_28n_bimodaldist_8587372886004985281seed_17,148.0,0.9487179487179488,156.0,0.0
684,20d_28n_bimodaldist_3243715518938624583seed_22,172.0,0.9148936170212766,188.0,0.0
685,20d_29n_bimodaldist_5945401426952253305seed_8,180.0,0.9183673469387756,196.0,0.0
686,20d_29n_bimodaldist_8616947720660497893seed_12,164.0,0.9111111111111112,180.0,0.0
687,20d_29n_bimodaldist_8194164940686892937seed_14,172.0,0.8775510204081632,196.0,0.0
688,20d_29n_bimodaldist_8811604411351877733seed_17,156.0,0.8666666666666667,180.0,0.0
689,20d_30n_bimodaldist_7864153972359542919seed_1,164.0,0.8723404255319149,188.0,0.0
690,20d_30n_bimodaldist_570250964512909827seed_6,164.0,0.9111111111111112,180.0,0.0
691,20d_30n_bimodaldist_3271573097976598259seed_8,220.0,0.9322033898305084,236.0,0.0
692,20d_30n_bimodaldist_6963681555314551383seed_9,180.0,0.8823529411764706,204.0,0.0
693,21d_24n_bimodaldist_6566690839099647265seed_0,136.0,0.9444444444444444,144.0,0.0
694,21d_24n_bimodaldist_8255133610745692344seed_3,128.0,0.8888888888888888,144.0,0.0
695,21d_24n_bimodaldist_8844794126574788970seed_8,140.0,0.945945945945946,148.0,0.0
696,21d_24n_bimodaldist_8698901527529967401seed_9,136.0,0.9444444444444444,144.0,0.0
697,21d_24n_bimodaldist_7760853623175725934seed_20,144.0,0.9473684210526316,152.0,0.0
698,21d_26n_bimodaldist_638802889753650912seed_7,146.0,0.9240506329113924,158.0,0.0
699,21d_26n_bimodaldist_4125076379035599332seed_20,150.0,0.9493670886075948,158.0,0.0
700,21d_26n_bimodaldist_3879417136379713533seed_21,158.0,0.9294117647058824,170.0,0.0
701,21d_26n_bimodaldist_9031974301900111628seed_23,134.0,0.943661971830986,142.0,0.0
702,21d_28n_bimodaldist_5035425622422177095seed_4,156.0,0.9285714285714286,168.0,0.0
703,21d_28n_bimodaldist_3984006041413007255seed_5,164.0,0.8723404255319149,188.0,0.0
704,21d_28n_bimodaldist_8089334214366221263seed_6,172.0,0.9347826086956522,184.0,0.0
705,21d_28n_bimodaldist_2210367010078180496seed_7,160.0,0.9090909090909092,176.0,0.0
706,21d_28n_bimodaldist_5500594129471637914seed_14,168.0,0.9333333333333332,180.0,0.0
707,21d_30n_bimodaldist_6737528763268100213seed_0,162.0,0.8350515463917526,194.0,0.0
708,21d_30n_bimodaldist_5672441116189549026seed_2,166.0,0.8736842105263158,190.0,0.0
709,21d_30n_bimodaldist_4416711281037787664seed_8,182.0,0.9191919191919192,198.0,0.0
710,21d_30n_bimodaldist_6488340755305093495seed_14,182.0,0.883495145631068,206.0,0.0
711,21d_30n_bimodaldist_1330465605275511189seed_17,182.0,0.9381443298969072,194.0,0.0
712,21d_30n_bimodaldist_3890773608438124986seed_22,178.0,0.898989898989899,198.0,0.0
713,21d_30n_bimodaldist_4344354764723255520seed_24,178.0,0.9175257731958762,194.0,0.0
714,22d_24n_bimodaldist_6533862576868958719seed_1,140.0,0.945945945945946,148.0,0.0
715,22d_24n_bimodaldist_3643119023039945980seed_4,140.0,0.945945945945946,148.0,0.0
716,22d_24n_bimodaldist_488226354439370429seed_16,132.0,0.9428571428571428,140.0,0.0
717,22d_24n_bimodaldist_2780856082088067062seed_17,132.0,0.9428571428571428,140.0,0.0
718,22d_25n_bimodaldist_3118110136613895778seed_3,138.0,0.8518518518518519,162.0,0.0
719,22d_25n_bimodaldist_8668775980661897433seed_6,146.0,0.9480519480519479,154.0,0.0
720,22d_25n_bimodaldist_847512346943687965seed_8,154.0,0.9058823529411764,170.0,0.0
721,22d_25n_bimodaldist_6486335620061551492seed_11,146.0,0.9480519480519479,154.0,0.0
722,22d_25n_bimodaldist_32168158476856781seed_16,146.0,0.9480519480519479,154.0,0.0
723,22d_25n_bimodaldist_851205530042320682seed_17,138.0,0.9452054794520548,146.0,0.0
724,22d_25n_bimodaldist_1095842932077435175seed_19,130.0,0.8441558441558441,154.0,0.0
725,22d_25n_bimodaldist_2505343845987282955seed_23,146.0,0.9012345679012346,162.0,0.0
726,22d_26n_bimodaldist_4814770053306167946seed_0,160.0,0.8695652173913043,184.0,0.0
727,22d_26n_bimodaldist_5866200322431242912seed_3,144.0,0.9,160.0,0.0
728,22d_26n_bimodaldist_8096424201147329143seed_12,152.0,0.9047619047619048,168.0,0.0
729,22d_26n_bimodaldist_8469575420657757842seed_14,144.0,0.9,160.0,0.0
730,22d_26n_bimodaldist_235476767947990764seed_15,144.0,0.9473684210526316,152.0,0.0
731,22d_26n_bimodaldist_4331637751115285623seed_21,160.0,0.9090909090909092,176.0,0.0
732,22d_27n_bimodaldist_2944026398154685322seed_2,158.0,0.9080459770114944,174.0,0.0
733,22d_27n_bimodaldist_7288199296470721026seed_9,166.0,0.912087912087912,182.0,0.0
734,22d_27n_bimodaldist_3961038475832943586seed_12,150.0,0.9036144578313252,166.0,0.0
735,22d_27n_bimodaldist_1433687179568626927seed_21,166.0,0.8736842105263158,190.0,0.0
736,22d_27n_bimodaldist_7050958250123931604seed_22,150.0,0.9493670886075948,158.0,0.0
737,22d_28n_bimodaldist_6474027204418300356seed_12,164.0,0.9111111111111112,180.0,0.0
738,22d_28n_bimodaldist_2901145754899331611seed_15,172.0,0.9148936170212766,188.0,0.0
739,22d_28n_bimodaldist_6522883914638744633seed_18,172.0,0.9148936170212766,188.0,0.0
740,22d_28n_bimodaldist_6482665216435701405seed_19,156.0,0.8666666666666667,180.0,0.0
741,22d_28n_bimodaldist_2595509455530500495seed_22,164.0,0.9111111111111112,180.0,0.0
742,22d_29n_bimodaldist_3322166735492563484seed_0,162.0,0.8709677419354839,186.0,0.0
743,22d_29n_bimodaldist_2127295719196868702seed_5,162.0,0.9101123595505618,178.0,0.0
744,22d_29n_bimodaldist_4894558715622217579seed_7,170.0,0.8762886597938144,194.0,0.0
745,22d_29n_bimodaldist_3056967857151219613seed_12,146.0,0.9012345679012346,162.0,0.0
746,22d_29n_bimodaldist_968128451465633497seed_13,162.0,0.7714285714285715,210.0,0.0
747,22d_30n_bimodaldist_8979384401200882728seed_4,180.0,0.9183673469387756,196.0,0.0
748,22d_30n_bimodaldist_4009388458094916528seed_11,180.0,0.9183673469387756,196.0,0.0
749,23d_24n_bimodaldist_6042432703459423285seed_2,164.0,0.9318181818181818,176.0,0.0
750,23d_26n_bimodaldist_6934849124912175013seed_3,150.0,0.925925925925926,162.0,0.0
751,23d_26n_bimodaldist_6774418975189180302seed_8,150.0,0.7731958762886598,194.0,0.0
752,23d_26n_bimodaldist_7151234814598225498seed_10,154.0,0.8850574712643678,174.0,0.0
753,23d_26n_bimodaldist_8362720519796134661seed_11,146.0,0.8021978021978022,182.0,0.0
754,23d_26n_bimodaldist_4983192055330081299seed_15,150.0,0.9493670886075948,158.0,0.0
755,23d_28n_bimodaldist_1454246872630617517seed_3,164.0,0.8541666666666666,192.0,0.0
756,23d_28n_bimodaldist_7466013287063370487seed_9,168.0,0.9130434782608696,184.0,0.0
757,23d_28n_bimodaldist_6749724308637226818seed_24,164.0,0.9111111111111112,180.0,0.0
758,23d_30n_bimodaldist_3945764979608333211seed_4,174.0,0.8787878787878788,198.0,0.0
759,23d_30n_bimodaldist_6216087137637117976seed_5,182.0,0.9381443298969072,194.0,0.0
760,23d_30n_bimodaldist_7657206739362366296seed_8,174.0,0.9157894736842104,190.0,0.0
761,23d_30n_bimodaldist_2167002967990650897seed_11,182.0,0.9009900990099008,202.0,0.0
762,23d_30n_bimodaldist_5482820656483082064seed_14,206.0,0.9449541284403671,218.0,0.0
763,23d_30n_bimodaldist_1402853552727160512seed_19,194.0,0.923809523809524,210.0,0.0
764,23d_30n_bimodaldist_5239978876462387045seed_24,174.0,0.8613861386138614,202.0,0.0
765,24d_25n_bimodaldist_2373331515759114255seed_0,148.0,0.9487179487179488,156.0,0.0
766,24d_25n_bimodaldist_1025609938005630675seed_17,148.0,0.9487179487179488,156.0,0.0
767,24d_25n_bimodaldist_3075346969686120622seed_21,148.0,0.9487179487179488,156.0,0.0
768,24d_25n_bimodaldist_855741926943816342seed_22,148.0,0.9487179487179488,156.0,0.0
769,24d_26n_bimodaldist_976603645646703227seed_5,152.0,0.9047619047619048,168.0,0.0
770,24d_26n_bimodaldist_8837681964770766500seed_13,160.0,0.9090909090909092,176.0,0.0
771,24d_27n_bimodaldist_5459242421446113863seed_2,152.0,0.8636363636363636,176.0,0.0
772,24d_30n_bimodaldist_127493631632585804seed_21,184.0,0.92,200.0,0.0
773,25d_26n_bimodaldist_544527534370423081seed_3,182.0,0.9381443298969072,194.0,0.0
774,25d_26n_bimodaldist_971000016256602894seed_4,182.0,0.9381443298969072,194.0,0.0
775,25d_26n_bimodaldist_5909196671754448031seed_7,182.0,0.9381443298969072,194.0,0.0
776,25d_26n_bimodaldist_5578776102872250777seed_15,182.0,0.9381443298969072,194.0,0.0
777,25d_26n_bimodaldist_3122436728479420648seed_22,182.0,0.9381443298969072,194.0,0.0
778,25d_28n_bimodaldist_2667699432780180793seed_2,192.0,0.9411764705882352,204.0,0.0
779,25d_28n_bimodaldist_126516901375856326seed_4,176.0,0.9361702127659576,188.0,0.0
780,25d_28n_bimodaldist_8666216759302684435seed_13,184.0,0.8846153846153846,208.0,0.0
781,25d_28n_bimodaldist_8004154608512176036seed_17,172.0,0.9347826086956522,184.0,0.0
782,25d_30n_bimodaldist_7767510169043684587seed_0,218.0,0.9478260869565216,230.0,0.0
783,25d_30n_bimodaldist_8691590811414832499seed_3,190.0,0.9405940594059404,202.0,0.0
784,25d_30n_bimodaldist_6883881560512204545seed_4,182.0,0.9009900990099008,202.0,0.0
785,25d_30n_bimodaldist_3798760521866212792seed_7,198.0,0.908256880733945,218.0,0.0
786,25d_30n_bimodaldist_7841823859999340597seed_10,182.0,0.8666666666666667,210.0,0.0
787,25d_30n_bimodaldist_4840732826988897200seed_13,182.0,0.883495145631068,206.0,0.0
788,25d_30n_bimodaldist_1048187836039801747seed_14,198.0,0.8918918918918919,222.0,0.0
789,25d_30n_bimodaldist_5836742962735639703seed_20,186.0,0.9393939393939394,198.0,0.0
790,25d_30n_bimodaldist_3346806958206757493seed_21,178.0,0.8640776699029126,206.0,0.0
791,25d_26n_bimodaldist_6571048037700688052seed_5,182.0,0.9381443298969072,194.0,0.0
792,25d_26n_bimodaldist_1097808348821127506seed_6,182.0,0.9381443298969072,194.0,0.0
793,25d_26n_bimodaldist_2935101543309225100seed_18,182.0,0.9381443298969072,194.0,0.0
794,25d_26n_bimodaldist_5941584784841450837seed_19,182.0,0.9381443298969072,194.0,0.0
795,25d_26n_bimodaldist_8903385237064202494seed_21,182.0,0.9381443298969072,194.0,0.0
796,25d_26n_bimodaldist_4558073788354474265seed_24,182.0,0.9381443298969072,194.0,0.0
797,25d_28n_bimodaldist_5733089487706801073seed_9,168.0,0.9130434782608696,184.0,0.0
798,25d_28n_bimodaldist_2421436566083549009seed_14,200.0,0.925925925925926,216.0,0.0
799,25d_28n_bimodaldist_6529210128402263660seed_17,180.0,0.9183673469387756,196.0,0.0
800,25d_28n_bimodaldist_8662292967626861342seed_18,184.0,0.9387755102040816,196.0,0.0
801,25d_28n_bimodaldist_1183186071002678625seed_22,184.0,0.92,200.0,0.0
802,25d_28n_bimodaldist_6336021406095455031seed_23,164.0,0.8723404255319149,188.0,0.0
803,25d_28n_bimodaldist_4586015907119095244seed_24,168.0,0.8936170212765957,188.0,0.0
804,25d_30n_bimodaldist_916625478666316296seed_4,182.0,0.8504672897196262,214.0,0.0
805,25d_30n_bimodaldist_8848730283574033633seed_6,178.0,0.936842105263158,190.0,0.0
806,25d_30n_bimodaldist_2926627743340447600seed_9,170.0,0.8585858585858586,198.0,0.0
807,25d_30n_bimodaldist_5480575608677967797seed_12,202.0,0.9439252336448598,214.0,0.0
808,25d_30n_bimodaldist_4703753497085696279seed_17,206.0,0.9449541284403671,218.0,0.0
809,25d_30n_bimodaldist_4535780571008004801seed_21,206.0,0.9449541284403671,218.0,0.0
810,26d_28n_bimodaldist_3497056875758205552seed_4,168.0,0.8076923076923077,208.0,0.0
811,26d_28n_bimodaldist_3895391022937115875seed_9,192.0,0.8888888888888888,216.0,0.0
812,26d_28n_bimodaldist_9075232403321460229seed_13,160.0,0.8333333333333334,192.0,0.0
813,26d_28n_bimodaldist_1734782434508758405seed_24,184.0,0.92,200.0,0.0
814,26d_29n_bimodaldist_7641948982372604167seed_3,182.0,0.9191919191919192,198.0,0.0
815,26d_29n_bimodaldist_8678561041694917166seed_8,198.0,0.8918918918918919,222.0,0.0
816,26d_29n_bimodaldist_2278058977188941573seed_9,166.0,0.8736842105263158,190.0,0.0
817,26d_29n_bimodaldist_968089382405911667seed_11,182.0,0.9191919191919192,198.0,0.0
818,26d_29n_bimodaldist_1241303543685019695seed_12,198.0,0.9252336448598132,214.0,0.0
819,26d_29n_bimodaldist_2771425050998441188seed_15,190.0,0.9223300970873788,206.0,0.0
820,26d_30n_bimodaldist_1360359879877500668seed_1,200.0,0.925925925925926,216.0,0.0
821,26d_30n_bimodaldist_4283141541932545934seed_7,192.0,0.9230769230769232,208.0,0.0
822,26d_30n_bimodaldist_1502028178937644106seed_12,200.0,0.925925925925926,216.0,0.0
823,26d_30n_bimodaldist_3236166986251705483seed_13,184.0,0.92,200.0,0.0
824,27d_28n_bimodaldist_2009686394211224726seed_0,188.0,0.9215686274509804,204.0,0.0
825,27d_28n_bimodaldist_8510302625874059943seed_1,188.0,0.9215686274509804,204.0,0.0
826,27d_28n_bimodaldist_6061752421556620803seed_2,188.0,0.9215686274509804,204.0,0.0
827,27d_28n_bimodaldist_1973198457058733620seed_3,188.0,0.9215686274509804,204.0,0.0
828,27d_28n_bimodaldist_8904529235653298093seed_4,188.0,0.9215686274509804,204.0,0.0
829,27d_28n_bimodaldist_5448792754891647698seed_5,188.0,0.9215686274509804,204.0,0.0
830,27d_28n_bimodaldist_245673963046239839seed_6,188.0,0.9215686274509804,204.0,0.0
831,27d_28n_bimodaldist_4642768755973811108seed_7,188.0,0.9215686274509804,204.0,0.0
832,27d_28n_bimodaldist_6873356482782240594seed_8,188.0,0.9215686274509804,204.0,0.0
833,27d_28n_bimodaldist_4378019535216358515seed_9,188.0,0.9215686274509804,204.0,0.0
834,27d_28n_bimodaldist_1916815452123629790seed_10,188.0,0.9215686274509804,204.0,0.0
835,27d_28n_bimodaldist_4890387190700808667seed_11,188.0,0.9215686274509804,204.0,0.0
836,27d_28n_bimodaldist_6692629355892459234seed_12,188.0,0.9215686274509804,204.0,0.0
837,27d_28n_bimodaldist_6973745217017193349seed_13,188.0,0.9215686274509804,204.0,0.0
838,27d_28n_bimodaldist_9131441343286531834seed_14,188.0,0.9215686274509804,204.0,0.0
839,27d_28n_bimodaldist_2064923211595597774seed_15,188.0,0.9215686274509804,204.0,0.0
840,27d_28n_bimodaldist_8014968125795885636seed_16,188.0,0.9215686274509804,204.0,0.0
841,27d_28n_bimodaldist_1324205910399527629seed_17,188.0,0.9215686274509804,204.0,0.0
842,27d_28n_bimodaldist_4619591252619358212seed_18,188.0,0.9215686274509804,204.0,0.0
843,27d_28n_bimodaldist_6008839377027723127seed_19,188.0,0.9215686274509804,204.0,0.0
844,27d_28n_bimodaldist_5800335514937433952seed_20,188.0,0.9215686274509804,204.0,0.0
845,27d_28n_bimodaldist_3316729117099319970seed_21,188.0,0.9215686274509804,204.0,0.0
846,27d_28n_bimodaldist_4325633584838921178seed_22,188.0,0.9215686274509804,204.0,0.0
847,27d_28n_bimodaldist_623350544579803812seed_23,188.0,0.9215686274509804,204.0,0.0
848,27d_28n_bimodaldist_3844381888740649189seed_24,188.0,0.9215686274509804,204.0,0.0
849,27d_30n_bimodaldist_4234772819038282814seed_1,218.0,0.9478260869565216,230.0,0.0
850,27d_30n_bimodaldist_336589112921218014seed_2,186.0,0.9393939393939394,198.0,0.0
851,27d_30n_bimodaldist_3718951251771023626seed_3,214.0,0.9145299145299144,234.0,0.0
852,27d_30n_bimodaldist_1563516219714792966seed_7,210.0,0.9130434782608696,230.0,0.0
853,27d_30n_bimodaldist_2667375665827309053seed_14,178.0,0.898989898989899,198.0,0.0
854,27d_30n_bimodaldist_697046368980694469seed_18,186.0,0.8378378378378378,222.0,0.0
855,27d_30n_bimodaldist_1445828520405246402seed_21,182.0,0.9009900990099008,202.0,0.0
856,28d_30n_bimodaldist_7999700403424028572seed_5,200.0,0.8620689655172413,232.0,0.0
857,28d_30n_bimodaldist_3879297969385937913seed_21,208.0,0.9285714285714286,224.0,0.0
